idMiscellaneous,subject,reading,createdat
106,getconfigrun,success,"2025-01-01 08:30:06"
106,speedreading,1735720200:W1:6270:0~1735720200:BV:456~,"2025-01-01 08:30:06"
106,getconfigrun,success,"2025-01-01 08:36:05"
106,speedreading,1735720560:W0:5791:194:200:0~1735720560:BV:454~,"2025-01-01 08:36:06"
106,getconfigrun,success,"2025-01-02 08:30:05"
106,speedreading,1735806600:W1:5902:0~1735806600:BV:453~,"2025-01-02 08:30:06"
106,getconfigrun,success,"2025-01-02 08:36:12"
106,speedreading,1735806960:W0:11986:166:200:0~1735806960:BV:454~,"2025-01-02 08:36:12"
106,getconfigrun,success,"2025-01-03 08:30:06"
106,speedreading,1735893000:W1:6320:0~1735893000:BV:454~,"2025-01-03 08:30:06"
106,getconfigrun,success,"2025-01-03 08:36:04"
106,speedreading,1735893360:W0:4765:168:200:0~1735893360:BV:453~,"2025-01-03 08:36:05"
106,getconfigrun,success,"2025-01-04 08:30:09"
106,speedreading,1735979400:W1:9412:0~1735979400:BV:454~,"2025-01-04 08:30:09"
106,getconfigrun,success,"2025-01-05 08:30:06"
106,speedreading,1735979760:E1:128744~1735979760:W0:128682:182:200:0~1735979760:BV:453~1736065800:W1:6649:0~1736065800:BV:452~,"2025-01-05 08:30:06"
106,getconfigrun,success,"2025-01-05 08:36:04"
106,speedreading,1736066160:W0:4930:178:200:0~1736066160:BV:454~,"2025-01-05 08:36:05"
106,getconfigrun,success,"2025-01-06 08:30:06"
106,speedreading,1736152200:W1:6122:0~1736152200:BV:452~,"2025-01-06 08:30:06"
106,getconfigrun,success,"2025-01-06 08:36:04"
106,speedreading,1736152560:W0:4717:193:200:0~1736152560:BV:453~,"2025-01-06 08:36:04"
106,getconfigrun,success,"2025-01-07 08:30:06"
106,speedreading,1736238600:W1:6255:0~1736238600:BV:452~,"2025-01-07 08:30:06"
106,getconfigrun,success,"2025-01-07 08:36:05"
106,speedreading,1736238960:W0:5825:178:200:0~1736238960:BV:453~,"2025-01-07 08:36:06"
106,getconfigrun,success,"2025-01-08 08:30:06"
106,speedreading,1736325000:W1:6366:0~1736325000:BV:452~,"2025-01-08 08:30:06"
106,getconfigrun,success,"2025-01-08 08:36:04"
106,speedreading,1736325360:W0:4783:174:200:0~1736325360:BV:453~,"2025-01-08 08:36:04"
106,getconfigrun,success,"2025-01-09 08:30:06"
106,speedreading,1736411400:W1:6283:0~1736411400:BV:452~,"2025-01-09 08:30:06"
106,getconfigrun,success,"2025-01-09 08:36:04"
106,speedreading,1736411760:W0:4800:171:200:0~1736411760:BV:453~,"2025-01-09 08:36:04"
106,getconfigrun,success,"2025-01-10 08:30:06"
106,speedreading,1736497800:W1:6645:0~1736497800:BV:449~,"2025-01-10 08:30:06"
106,getconfigrun,success,"2025-01-10 08:36:04"
106,speedreading,1736498160:W0:4851:178:200:0~1736498160:BV:453~,"2025-01-10 08:36:04"
106,getconfigrun,success,"2025-01-11 08:30:06"
106,speedreading,1736584200:W1:6430:0~1736584200:BV:449~,"2025-01-11 08:30:06"
106,getconfigrun,success,"2025-01-11 08:36:05"
106,speedreading,1736584560:W0:5926:187:200:0~1736584560:BV:453~,"2025-01-11 08:36:06"
106,getconfigrun,success,"2025-01-12 08:30:06"
106,speedreading,1736670600:W1:6436:0~1736670600:BV:450~,"2025-01-12 08:30:06"
106,getconfigrun,success,"2025-01-12 08:36:04"
106,speedreading,1736670960:W0:4783:182:200:0~1736670960:BV:450~,"2025-01-12 08:36:04"
106,getconfigrun,success,"2025-01-13 08:30:06"
106,speedreading,1736757000:W1:6324:0~1736757000:BV:451~,"2025-01-13 08:30:06"
106,getconfigrun,success,"2025-01-13 08:36:05"
106,speedreading,1736757360:W0:5823:179:200:0~1736757360:BV:446~,"2025-01-13 08:36:05"
106,getconfigrun,success,"2025-01-14 08:30:07"
106,speedreading,1736843400:W1:7372:0~1736843400:BV:452~,"2025-01-14 08:30:07"
106,getconfigrun,success,"2025-01-14 08:36:04"
106,speedreading,1736843760:W0:4742:176:201:0~1736843760:BV:453~,"2025-01-14 08:36:04"
106,getconfigrun,success,"2025-01-15 08:30:05"
106,speedreading,1736929800:W1:6295:0~1736929800:BV:451~,"2025-01-15 08:30:06"
106,getconfigrun,success,"2025-01-15 08:36:04"
106,speedreading,1736930160:W0:4752:175:200:0~1736930160:BV:452~,"2025-01-15 08:36:04"
106,getconfigrun,success,"2025-01-16 08:30:05"
106,speedreading,1737016200:W1:6273:0~1737016200:BV:449~,"2025-01-16 08:30:06"
106,getconfigrun,success,"2025-01-16 08:36:05"
106,speedreading,1737016560:W0:5832:179:200:0~1737016560:BV:450~,"2025-01-16 08:36:05"
106,getconfigrun,success,"2025-01-17 08:30:06"
106,speedreading,1737102600:W1:6434:0~1737102600:BV:451~,"2025-01-17 08:30:06"
106,getconfigrun,success,"2025-01-17 08:36:04"
106,speedreading,1737102960:W0:4776:174:200:0~1737102960:BV:450~,"2025-01-17 08:36:04"
106,getconfigrun,success,"2025-01-18 08:30:05"
106,speedreading,1737189000:W1:6171:0~1737189000:BV:449~,"2025-01-18 08:30:05"
106,getconfigrun,success,"2025-01-18 08:36:05"
106,speedreading,1737189360:W0:5775:171:200:0~1737189360:BV:451~,"2025-01-18 08:36:05"
106,getconfigrun,success,"2025-01-19 08:30:05"
106,speedreading,1737275400:W1:6226:0~1737275400:BV:451~,"2025-01-19 08:30:05"
106,getconfigrun,success,"2025-01-19 08:36:04"
106,speedreading,1737275760:W0:4754:180:201:0~1737275760:BV:452~,"2025-01-19 08:36:04"
106,getconfigrun,success,"2025-01-20 08:30:05"
106,speedreading,1737361800:W1:6369:0~1737361800:BV:451~,"2025-01-20 08:30:06"
106,getconfigrun,success,"2025-01-20 08:36:04"
106,speedreading,1737362160:W0:4752:184:200:0~1737362160:BV:451~,"2025-01-20 08:36:04"
106,getconfigrun,success,"2025-01-21 08:30:06"
106,speedreading,1737448200:W1:6540:0~1737448200:BV:447~,"2025-01-21 08:30:06"
106,getconfigrun,success,"2025-01-21 08:36:04"
106,speedreading,1737448560:W0:4768:162:200:0~1737448560:BV:450~,"2025-01-21 08:36:04"
106,getconfigrun,success,"2025-01-22 08:30:05"
106,speedreading,1737534600:W1:6183:0~1737534600:BV:451~,"2025-01-22 08:30:05"
106,getconfigrun,success,"2025-01-22 08:36:05"
106,speedreading,1737534960:W0:5828:183:200:0~1737534960:BV:449~,"2025-01-22 08:36:05"
106,getconfigrun,success,"2025-01-23 08:30:05"
106,speedreading,1737621000:W1:6383:0~1737621000:BV:450~,"2025-01-23 08:30:06"
106,getconfigrun,success,"2025-01-23 08:36:04"
106,speedreading,1737621360:W0:4900:184:200:0~1737621360:BV:452~,"2025-01-23 08:36:04"
106,getconfigrun,success,"2025-01-24 08:30:05"
106,speedreading,1737707400:W1:6467:0~1737707400:BV:451~,"2025-01-24 08:30:06"
106,getconfigrun,success,"2025-01-24 08:36:04"
106,speedreading,1737707760:W0:4752:182:200:0~1737707760:BV:452~,"2025-01-24 08:36:04"
106,getconfigrun,success,"2025-01-25 08:30:05"
106,speedreading,1737793800:W1:6545:0~1737793800:BV:451~,"2025-01-25 08:30:06"
106,getconfigrun,success,"2025-01-25 08:36:04"
106,speedreading,1737794160:W0:4764:174:200:0~1737794160:BV:451~,"2025-01-25 08:36:04"
106,getconfigrun,success,"2025-01-26 08:30:05"
106,speedreading,1737880200:W1:6488:0~1737880200:BV:451~,"2025-01-26 08:30:06"
106,getconfigrun,success,"2025-01-26 08:36:05"
106,speedreading,1737880560:W0:5790:162:201:0~1737880560:BV:452~,"2025-01-26 08:36:05"
106,getconfigrun,success,"2025-01-27 08:30:05"
106,speedreading,1737966600:W1:6424:0~1737966600:BV:441~,"2025-01-27 08:30:05"
106,getconfigrun,success,"2025-01-27 08:36:04"
106,speedreading,1737966960:W0:5172:200:200:0~1737966960:BV:450~,"2025-01-27 08:36:04"
106,getconfigrun,success,"2025-01-28 08:30:05"
106,speedreading,1738053000:W1:6415:0~1738053000:BV:449~,"2025-01-28 08:30:06"
106,getconfigrun,success,"2025-01-28 08:36:04"
106,speedreading,1738053360:W0:4768:217:200:0~1738053360:BV:452~,"2025-01-28 08:36:04"
106,getconfigrun,success,"2025-01-29 08:30:05"
106,speedreading,1738139400:W1:6210:0~1738139400:BV:449~,"2025-01-29 08:30:05"
106,getconfigrun,success,"2025-01-29 08:36:04"
106,speedreading,1738139760:W0:4808:183:200:0~1738139760:BV:451~,"2025-01-29 08:36:04"
106,getconfigrun,success,"2025-01-30 08:30:05"
106,speedreading,1738225800:W1:6501:0~1738225800:BV:451~,"2025-01-30 08:30:05"
106,getconfigrun,success,"2025-01-30 08:36:05"
106,speedreading,1738226160:W0:5872:180:200:0~1738226160:BV:452~,"2025-01-30 08:36:05"
531,getconfigrun,success,"2025-01-01 07:35:51"
531,speedreading,1735716960:W1:15544:0~1735716960:BV:401~,"2025-01-01 07:35:51"
531,getconfigrun,success,"2025-01-01 08:07:45"
531,speedreading,1735718880:W0:9249:29:200:0~1735718880:BV:403~,"2025-01-01 08:07:45"
531,getconfigrun,success,"2025-01-02 07:35:55"
531,speedreading,1735803360:W1:19418:0~1735803360:BV:399~,"2025-01-02 07:35:55"
531,getconfigrun,success,"2025-01-02 08:07:48"
531,speedreading,1735805280:W0:13231:29:201:0~1735805280:BV:403~,"2025-01-02 08:07:49"
531,getconfigrun,success,"2025-01-03 07:36:04"
531,speedreading,1735889760:W1:28700:0~1735889760:BV:401~,"2025-01-03 07:36:04"
531,getconfigrun,success,"2025-01-04 07:35:46"
531,speedreading,1735891680:E1:128958~1735891680:W0:128898:29:201:0~1735891680:BV:398~1735976160:W1:10732:0~1735976160:BV:401~,"2025-01-04 07:35:46"
531,getconfigrun,success,"2025-01-04 08:07:48"
531,speedreading,1735978080:W0:13219:29:200:0~1735978080:BV:402~,"2025-01-04 08:07:49"
531,getconfigrun,success,"2025-01-05 07:36:03"
531,speedreading,1736062560:W1:28148:0~1736062560:BV:397~,"2025-01-05 07:36:03"
531,getconfigrun,success,"2025-01-05 08:07:53"
531,speedreading,1736064480:W0:17913:29:200:0~1736064480:BV:401~,"2025-01-05 08:07:53"
531,getconfigrun,success,"2025-01-06 07:35:54"
531,speedreading,1736148960:W1:19272:0~1736148960:BV:399~,"2025-01-06 07:35:54"
531,getconfigrun,success,"2025-01-07 07:35:46"
531,speedreading,1736150880:E1:128721~1736150880:W0:128659:29:200:0~1736150880:BV:398~1736235360:W1:11269:0~1736235360:BV:398~,"2025-01-07 07:35:46"
531,getconfigrun,success,"2025-01-07 08:07:44"
531,speedreading,1736237280:W0:9201:29:200:0~1736237280:BV:401~,"2025-01-07 08:07:44"
531,getconfigrun,success,"2025-01-08 07:36:19"
531,speedreading,1736321760:W1:44033:0~1736321760:BV:397~,"2025-01-08 07:36:19"
531,getconfigrun,success,"2025-01-08 08:07:48"
531,speedreading,1736323680:W0:13281:28:200:0~1736323680:BV:401~,"2025-01-08 08:07:48"
531,getconfigrun,success,"2025-01-09 07:35:49"
531,speedreading,1736408160:W1:14882:0~1736408160:BV:399~,"2025-01-09 07:35:50"
531,getconfigrun,success,"2025-01-10 07:35:50"
531,speedreading,1736410080:E1:128713~1736410080:W0:128652:29:200:0~1736410080:BV:398~1736494560:W1:15102:0~1736494560:BV:398~,"2025-01-10 07:35:50"
531,getconfigrun,success,"2025-01-10 08:07:56"
531,speedreading,1736496480:W0:21976:28:200:0~1736496480:BV:398~,"2025-01-10 08:07:57"
531,getconfigrun,success,"2025-01-11 07:35:46"
531,speedreading,1736580960:W1:11380:0~1736580960:BV:398~,"2025-01-11 07:35:46"
531,getconfigrun,success,"2025-01-12 08:07:48"
531,speedreading,1736582880:E1:128719~1736582880:W0:128657:29:200:0~1736582880:BV:397~1736667360:E1:19952~1736667360:W1:19958:0~1736667360:BV:398~1736669280:W0:13783:29:200:0~1736669280:BV:398~,"2025-01-12 08:07:48"
531,getconfigrun,success,"2025-01-13 07:35:57"
531,speedreading,1736753760:W1:22920:0~1736753760:BV:394~,"2025-01-13 07:35:57"
531,getconfigrun,success,"2025-01-13 08:08:18"
531,speedreading,1736755680:W0:43941:28:200:0~1736755680:BV:399~,"2025-01-13 08:08:18"
531,getconfigrun,success,"2025-01-14 07:35:57"
531,speedreading,1736840160:W1:23167:0~1736840160:BV:398~,"2025-01-14 07:35:57"
531,getconfigrun,success,"2025-01-14 08:07:52"
531,speedreading,1736842080:W0:17614:28:200:0~1736842080:BV:399~,"2025-01-14 08:07:52"
531,getconfigrun,success,"2025-01-15 07:35:45"
531,speedreading,1736926560:W1:11189:0~1736926560:BV:399~,"2025-01-15 07:35:45"
531,getconfigrun,success,"2025-01-15 08:07:47"
531,speedreading,1736928480:W0:13220:29:200:0~1736928480:BV:399~,"2025-01-15 08:07:47"
531,getconfigrun,success,"2025-01-16 07:36:45"
531,speedreading,1737012960:W1:71055:0~1737012960:BV:397~,"2025-01-16 07:36:45"
531,getconfigrun,success,"2025-01-17 07:35:46"
531,speedreading,1737014880:E1:128707~1737014880:W0:128650:28:200:0~1737014880:BV:397~1737099360:W1:12248:0~1737099360:BV:398~,"2025-01-17 07:35:46"
531,getconfigrun,success,"2025-01-18 07:35:59"
531,speedreading,1737101280:E1:128708~1737101280:W0:128647:29:200:0~1737101280:BV:396~1737185760:W1:25419:0~1737185760:BV:394~,"2025-01-18 07:35:59"
531,getconfigrun,success,"2025-01-18 08:07:55"
531,speedreading,1737187680:W0:21255:28:201:0~1737187680:BV:398~,"2025-01-18 08:07:55"
531,getconfigrun,success,"2025-01-19 07:35:53"
531,speedreading,1737272160:W1:19396:0~1737272160:BV:396~,"2025-01-19 07:35:53"
531,getconfigrun,success,"2025-01-19 08:07:47"
531,speedreading,1737274080:W0:13300:27:200:0~1737274080:BV:398~,"2025-01-19 08:07:47"
531,getconfigrun,success,"2025-01-20 07:35:56"
531,speedreading,1737358560:W1:22788:0~1737358560:BV:397~,"2025-01-20 07:35:56"
531,getconfigrun,success,"2025-01-20 08:07:43"
531,speedreading,1737360480:W0:9840:29:200:0~1737360480:BV:399~,"2025-01-20 08:07:44"
531,getconfigrun,success,"2025-01-21 07:35:56"
531,speedreading,1737444960:W1:23079:0~1737444960:BV:398~,"2025-01-21 07:35:57"
531,getconfigrun,success,"2025-01-21 08:07:55"
531,speedreading,1737446880:W0:21280:30:201:0~1737446880:BV:398~,"2025-01-21 08:07:55"
531,getconfigrun,success,"2025-01-22 07:35:59"
531,speedreading,1737531360:W1:25334:0~1737531360:BV:398~,"2025-01-22 07:35:59"
531,getconfigrun,success,"2025-01-23 08:07:46"
531,speedreading,1737533280:E1:128779~1737533280:W0:128719:30:200:0~1737533280:BV:394~1737617760:E1:96486~1737617760:W1:96494:0~1737617760:BV:396~1737619680:W0:13334:30:200:0~1737619680:BV:399~,"2025-01-23 08:07:47"
531,getconfigrun,success,"2025-01-24 07:36:03"
531,speedreading,1737704160:W1:30327:0~1737704160:BV:396~,"2025-01-24 07:36:03"
531,getconfigrun,success,"2025-01-25 07:35:57"
531,speedreading,1737706080:E1:128749~1737706080:W0:128687:30:200:0~1737706080:BV:394~1737790560:W1:24011:0~1737790560:BV:394~,"2025-01-25 07:35:57"
531,getconfigrun,success,"2025-01-26 07:35:44"
531,speedreading,1737792480:E1:128748~1737792480:W0:128687:29:200:0~1737792480:BV:394~1737876960:W1:11464:0~1737876960:BV:396~,"2025-01-26 07:35:45"
531,getconfigrun,success,"2025-01-26 08:07:43"
531,speedreading,1737878880:W0:9819:29:200:0~1737878880:BV:397~,"2025-01-26 08:07:43"
531,getconfigrun,success,"2025-01-27 07:35:49"
531,speedreading,1737963360:W1:15863:0~1737963360:BV:396~,"2025-01-27 07:35:49"
531,getconfigrun,success,"2025-01-27 08:07:47"
531,speedreading,1737965280:W0:13835:29:200:0~1737965280:BV:397~,"2025-01-27 08:07:47"
531,getconfigrun,success,"2025-01-28 07:35:55"
531,speedreading,1738049760:W1:22502:0~1738049760:BV:394~,"2025-01-28 07:35:59"
531,getconfigrun,success,"2025-01-28 08:07:51"
531,speedreading,1738051680:W0:18182:28:201:0~1738051680:BV:397~,"2025-01-28 08:07:51"
531,getconfigrun,success,"2025-01-29 07:35:47"
531,speedreading,1738136160:W1:14732:0~1738136160:BV:394~,"2025-01-29 07:35:47"
531,getconfigrun,success,"2025-01-29 08:07:46"
531,speedreading,1738138080:W0:13324:29:200:0~1738138080:BV:396~,"2025-01-29 08:07:46"
531,getconfigrun,success,"2025-01-30 07:35:57"
531,speedreading,1738222560:W1:24890:0~1738222560:BV:394~,"2025-01-30 07:35:57"
531,getconfigrun,success,"2025-01-30 08:07:50"
531,speedreading,1738224480:W0:17794:28:200:0~1738224480:BV:397~,"2025-01-30 08:07:50"
610,getconfigrun,success,"2025-01-01 12:03:27"
610,speedreading,1735732980:W1:13432:0~1735732980:BV:524~,"2025-01-01 12:03:27"
610,getconfigrun,success,"2025-01-01 12:07:18"
610,speedreading,1735733220:W0:4925:0:200:0~1735733220:BV:525~,"2025-01-01 12:07:18"
610,getconfigrun,success,"2025-01-02 12:03:27"
610,speedreading,1735819380:W1:13470:0~1735819380:BV:523~,"2025-01-02 12:03:27"
610,getconfigrun,success,"2025-01-02 12:07:18"
610,speedreading,1735819620:W0:4935:0:201:0~1735819620:BV:524~,"2025-01-02 12:07:18"
610,getconfigrun,success,"2025-01-03 12:03:19"
610,speedreading,1735905780:W1:6042:0~1735905780:BV:521~,"2025-01-03 12:03:19"
610,getconfigrun,success,"2025-01-03 12:07:18"
610,speedreading,1735906020:W0:5059:0:200:0~1735906020:BV:524~,"2025-01-03 12:07:18"
610,getconfigrun,success,"2025-01-04 12:03:26"
610,speedreading,1735992180:W1:13284:0~1735992180:BV:524~,"2025-01-04 12:03:27"
610,getconfigrun,success,"2025-01-04 12:07:18"
610,speedreading,1735992420:W0:4913:0:200:0~1735992420:BV:525~,"2025-01-04 12:07:18"
610,getconfigrun,success,"2025-01-05 12:03:19"
610,speedreading,1736078580:W1:5749:0~1736078580:BV:522~,"2025-01-05 12:03:19"
610,getconfigrun,success,"2025-01-05 12:07:18"
610,speedreading,1736078820:W0:4994:0:200:0~1736078820:BV:524~,"2025-01-05 12:07:18"
610,getconfigrun,success,"2025-01-06 12:03:26"
610,speedreading,1736164980:W1:13328:0~1736164980:BV:523~,"2025-01-06 12:03:27"
610,getconfigrun,success,"2025-01-06 12:07:18"
610,speedreading,1736165220:W0:5023:0:200:0~1736165220:BV:525~,"2025-01-06 12:07:18"
610,getconfigrun,success,"2025-01-07 12:03:27"
610,speedreading,1736251380:W1:13573:0~1736251380:BV:523~,"2025-01-07 12:03:27"
610,getconfigrun,success,"2025-01-07 12:07:18"
610,speedreading,1736251620:W0:5268:0:200:0~1736251620:BV:525~,"2025-01-07 12:07:19"
610,getconfigrun,success,"2025-01-08 12:03:26"
610,speedreading,1736337780:W1:13252:0~1736337780:BV:523~,"2025-01-08 12:03:27"
610,getconfigrun,success,"2025-01-08 12:07:19"
610,speedreading,1736338020:W0:5573:0:200:0~1736338020:BV:524~,"2025-01-08 12:07:19"
610,getconfigrun,success,"2025-01-09 12:03:26"
610,speedreading,1736424180:W1:13376:0~1736424180:BV:522~,"2025-01-09 12:03:27"
610,getconfigrun,success,"2025-01-09 12:07:18"
610,speedreading,1736424420:W0:4955:0:200:0~1736424420:BV:525~,"2025-01-09 12:07:18"
610,getconfigrun,success,"2025-01-10 12:03:26"
610,speedreading,1736510580:W1:13195:0~1736510580:BV:521~,"2025-01-10 12:03:26"
610,getconfigrun,success,"2025-01-10 12:07:18"
610,speedreading,1736510820:W0:4893:0:200:0~1736510820:BV:525~,"2025-01-10 12:07:18"
610,getconfigrun,success,"2025-01-11 12:03:27"
610,speedreading,1736596980:W1:13502:0~1736596980:BV:523~,"2025-01-11 12:03:27"
610,getconfigrun,success,"2025-01-11 12:07:18"
610,speedreading,1736597220:W0:4860:0:200:0~1736597220:BV:525~,"2025-01-11 12:07:18"
610,getconfigrun,success,"2025-01-12 12:03:19"
610,speedreading,1736683380:W1:6173:0~1736683380:BV:523~,"2025-01-12 12:03:19"
610,getconfigrun,success,"2025-01-12 12:07:25"
610,speedreading,1736683620:W0:11845:0:200:0~1736683620:BV:524~,"2025-01-12 12:07:25"
610,getconfigrun,success,"2025-01-13 12:03:20"
610,speedreading,1736769780:W1:6520:0~1736769780:BV:523~,"2025-01-13 12:03:20"
610,getconfigrun,success,"2025-01-13 12:07:18"
610,speedreading,1736770020:W0:4947:0:200:0~1736770020:BV:524~,"2025-01-13 12:07:18"
610,getconfigrun,success,"2025-01-14 12:03:19"
610,speedreading,1736856180:W1:5775:0~1736856180:BV:521~,"2025-01-14 12:03:19"
610,getconfigrun,success,"2025-01-14 12:07:18"
610,speedreading,1736856420:W0:4772:0:200:0~1736856420:BV:523~,"2025-01-14 12:07:18"
610,getconfigrun,success,"2025-01-15 12:03:19"
610,speedreading,1736942580:W1:5986:0~1736942580:BV:522~,"2025-01-15 12:03:19"
610,getconfigrun,success,"2025-01-15 12:07:18"
610,speedreading,1736942820:W0:4883:0:200:0~1736942820:BV:523~,"2025-01-15 12:07:18"
610,getconfigrun,success,"2025-01-16 12:03:27"
610,speedreading,1737028980:W1:13880:0~1737028980:BV:523~,"2025-01-16 12:03:27"
610,getconfigrun,success,"2025-01-16 12:07:18"
610,speedreading,1737029220:W0:5079:0:200:0~1737029220:BV:526~,"2025-01-16 12:07:18"
610,getconfigrun,success,"2025-01-17 12:03:27"
610,speedreading,1737115380:W1:13619:0~1737115380:BV:523~,"2025-01-17 12:03:27"
610,getconfigrun,success,"2025-01-17 12:07:18"
610,speedreading,1737115620:W0:5079:0:200:0~1737115620:BV:525~,"2025-01-17 12:07:18"
610,getconfigrun,success,"2025-01-18 12:03:27"
610,speedreading,1737201780:W1:13521:0~1737201780:BV:523~,"2025-01-18 12:03:27"
610,getconfigrun,success,"2025-01-18 12:07:18"
610,speedreading,1737202020:W0:4904:0:200:0~1737202020:BV:525~,"2025-01-18 12:07:18"
610,getconfigrun,success,"2025-01-19 12:03:27"
610,speedreading,1737288180:W1:13487:0~1737288180:BV:518~,"2025-01-19 12:03:27"
610,getconfigrun,success,"2025-01-19 12:07:18"
610,speedreading,1737288420:W0:4991:0:200:0~1737288420:BV:525~,"2025-01-19 12:07:18"
610,getconfigrun,success,"2025-01-20 12:03:26"
610,speedreading,1737374580:W1:13307:0~1737374580:BV:524~,"2025-01-20 12:03:26"
610,getconfigrun,success,"2025-01-20 12:07:18"
610,speedreading,1737374820:W0:4714:0:200:0~1737374820:BV:525~,"2025-01-20 12:07:18"
610,getconfigrun,success,"2025-01-21 12:03:26"
610,speedreading,1737460980:W1:13199:0~1737460980:BV:523~,"2025-01-21 12:03:26"
610,getconfigrun,success,"2025-01-21 12:07:18"
610,speedreading,1737461220:W0:5391:0:200:0~1737461220:BV:525~,"2025-01-21 12:07:19"
610,getconfigrun,success,"2025-01-22 12:03:26"
610,speedreading,1737547380:W1:13500:0~1737547380:BV:523~,"2025-01-22 12:03:27"
610,getconfigrun,success,"2025-01-22 12:07:18"
610,speedreading,1737547620:W0:4899:0:201:0~1737547620:BV:525~,"2025-01-22 12:07:18"
610,getconfigrun,success,"2025-01-23 12:03:26"
610,speedreading,1737633780:W1:13215:0~1737633780:BV:523~,"2025-01-23 12:03:26"
610,getconfigrun,success,"2025-01-23 12:07:18"
610,speedreading,1737634020:W0:4908:0:200:0~1737634020:BV:525~,"2025-01-23 12:07:18"
610,getconfigrun,success,"2025-01-24 12:03:26"
610,speedreading,1737720180:W1:13360:0~1737720180:BV:485~,"2025-01-24 12:03:27"
610,getconfigrun,success,"2025-01-24 12:07:18"
610,speedreading,1737720420:W0:5417:0:200:0~1737720420:BV:525~,"2025-01-24 12:07:19"
610,getconfigrun,success,"2025-01-25 12:03:27"
610,speedreading,1737806580:W1:13499:0~1737806580:BV:523~,"2025-01-25 12:03:27"
610,getconfigrun,success,"2025-01-25 12:07:18"
610,speedreading,1737806820:W0:4721:0:200:0~1737806820:BV:525~,"2025-01-25 12:07:18"
610,getconfigrun,success,"2025-01-26 12:03:26"
610,speedreading,1737892980:W1:13368:0~1737892980:BV:523~,"2025-01-26 12:03:27"
610,getconfigrun,success,"2025-01-26 12:07:18"
610,speedreading,1737893220:W0:4720:0:200:0~1737893220:BV:524~,"2025-01-26 12:07:18"
610,getconfigrun,success,"2025-01-27 12:03:27"
610,speedreading,1737979380:W1:13956:0~1737979380:BV:523~,"2025-01-27 12:03:27"
610,getconfigrun,success,"2025-01-27 12:07:18"
610,speedreading,1737979620:W0:5036:0:200:0~1737979620:BV:524~,"2025-01-27 12:07:18"
610,getconfigrun,success,"2025-01-28 12:03:26"
610,speedreading,1738065780:W1:13286:0~1738065780:BV:523~,"2025-01-28 12:03:27"
610,getconfigrun,success,"2025-01-28 12:07:18"
610,speedreading,1738066020:W0:5091:0:200:0~1738066020:BV:525~,"2025-01-28 12:07:18"
610,getconfigrun,success,"2025-01-29 12:03:19"
610,speedreading,1738152180:W1:5859:0~1738152180:BV:522~,"2025-01-29 12:03:19"
610,getconfigrun,success,"2025-01-29 12:07:18"
610,speedreading,1738152420:W0:4728:0:200:0~1738152420:BV:524~,"2025-01-29 12:07:18"
610,getconfigrun,success,"2025-01-30 12:03:19"
610,speedreading,1738238580:W1:6012:0~1738238580:BV:522~,"2025-01-30 12:03:19"
610,getconfigrun,success,"2025-01-30 12:07:18"
610,speedreading,1738238820:W0:4876:0:201:0~1738238820:BV:524~,"2025-01-30 12:07:18"
612,getconfigrun,success,"2025-01-01 08:51:20"
612,speedreading,1735721460:W1:6622:0~1735721460:BV:498~,"2025-01-01 08:51:20"
612,getconfigrun,success,"2025-01-01 08:55:20"
612,speedreading,1735721700:W0:6866:92:200:0~1735721700:BV:530~,"2025-01-01 08:55:20"
612,getconfigrun,success,"2025-01-02 08:51:20"
612,speedreading,1735807860:W1:6206:0~1735807860:BV:492~,"2025-01-02 08:51:20"
612,getconfigrun,success,"2025-01-02 08:55:20"
612,speedreading,1735808100:W0:6278:90:200:0~1735808100:BV:528~,"2025-01-02 08:55:20"
612,getconfigrun,success,"2025-01-03 08:51:22"
612,speedreading,1735894260:W1:8315:0~1735894260:BV:530~,"2025-01-03 08:51:22"
612,getconfigrun,success,"2025-01-03 08:55:21"
612,speedreading,1735894500:W0:6660:90:200:0~1735894500:BV:523~,"2025-01-03 08:55:21"
612,getconfigrun,success,"2025-01-04 08:51:22"
612,speedreading,1735980660:W1:7335:0~1735980660:BV:530~,"2025-01-04 08:51:22"
612,getconfigrun,success,"2025-01-04 08:55:21"
612,speedreading,1735980900:W0:7194:92:200:0~1735980900:BV:525~,"2025-01-04 08:55:22"
612,getconfigrun,success,"2025-01-05 08:51:24"
612,speedreading,1736067060:W1:9321:0~1736067060:BV:534~,"2025-01-05 08:51:24"
612,getconfigrun,success,"2025-01-05 08:55:22"
612,speedreading,1736067300:W0:7380:94:201:0~1736067300:BV:525~,"2025-01-05 08:55:22"
612,getconfigrun,success,"2025-01-06 08:51:23"
612,speedreading,1736153460:W1:8387:0~1736153460:BV:533~,"2025-01-06 08:51:24"
612,getconfigrun,success,"2025-01-06 08:55:22"
612,speedreading,1736153700:W0:6753:93:200:0~1736153700:BV:535~,"2025-01-06 08:55:22"
612,getconfigrun,success,"2025-01-07 08:51:24"
612,speedreading,1736239860:W1:8449:0~1736239860:BV:534~,"2025-01-07 08:51:24"
612,getconfigrun,success,"2025-01-07 08:55:22"
612,speedreading,1736240100:W0:6870:92:200:0~1736240100:BV:535~,"2025-01-07 08:55:23"
612,getconfigrun,success,"2025-01-08 08:51:25"
612,speedreading,1736326260:W1:8888:0~1736326260:BV:534~,"2025-01-08 08:51:25"
612,getconfigrun,success,"2025-01-08 08:55:23"
612,speedreading,1736326500:W0:7243:92:200:0~1736326500:BV:536~,"2025-01-08 08:55:23"
612,getconfigrun,success,"2025-01-09 08:51:25"
612,speedreading,1736412660:W1:8748:0~1736412660:BV:534~,"2025-01-09 08:51:25"
612,getconfigrun,success,"2025-01-09 08:55:23"
612,speedreading,1736412900:W0:6628:93:200:0~1736412900:BV:533~,"2025-01-09 08:55:23"
612,getconfigrun,success,"2025-01-10 08:51:25"
612,speedreading,1736499060:W1:8403:0~1736499060:BV:534~,"2025-01-10 08:51:25"
612,getconfigrun,success,"2025-01-10 08:55:23"
612,speedreading,1736499300:W0:6942:93:200:0~1736499300:BV:534~,"2025-01-10 08:55:24"
612,getconfigrun,success,"2025-01-11 08:51:24"
612,speedreading,1736585460:W1:7565:0~1736585460:BV:533~,"2025-01-11 08:51:24"
612,getconfigrun,success,"2025-01-11 08:55:22"
612,speedreading,1736585700:W0:5245:94:200:0~1736585700:BV:535~,"2025-01-11 08:55:22"
612,getconfigrun,success,"2025-01-12 08:51:24"
612,speedreading,1736671860:W1:6594:0~1736671860:BV:533~,"2025-01-12 08:51:24"
612,getconfigrun,success,"2025-01-12 08:55:23"
612,speedreading,1736672100:W0:5930:92:200:0~1736672100:BV:534~,"2025-01-12 08:55:23"
612,getconfigrun,success,"2025-01-13 08:51:24"
612,speedreading,1736758260:W1:6701:0~1736758260:BV:533~,"2025-01-13 08:51:24"
612,getconfigrun,success,"2025-01-13 08:55:24"
612,speedreading,1736758500:W0:6864:93:201:0~1736758500:BV:535~,"2025-01-13 08:55:25"
612,getconfigrun,success,"2025-01-14 08:51:27"
612,speedreading,1736844660:W1:9007:0~1736844660:BV:533~,"2025-01-14 08:51:27"
612,getconfigrun,success,"2025-01-14 08:55:25"
612,speedreading,1736844900:W0:7158:94:201:0~1736844900:BV:536~,"2025-01-14 08:55:25"
612,getconfigrun,success,"2025-01-15 08:51:27"
612,speedreading,1736931060:W1:8584:0~1736931060:BV:534~,"2025-01-15 08:51:27"
612,getconfigrun,success,"2025-01-15 08:55:25"
612,speedreading,1736931300:W0:6763:92:200:0~1736931300:BV:535~,"2025-01-15 08:55:25"
612,getconfigrun,success,"2025-01-16 08:51:26"
612,speedreading,1737017460:W1:7111:0~1737017460:BV:534~,"2025-01-16 08:51:26"
612,getconfigrun,success,"2025-01-16 08:55:25"
612,speedreading,1737017700:W0:6972:93:200:0~1737017700:BV:535~,"2025-01-16 08:55:26"
612,getconfigrun,success,"2025-01-17 08:51:26"
612,speedreading,1737103860:W1:7294:0~1737103860:BV:534~,"2025-01-17 08:51:26"
612,getconfigrun,success,"2025-01-17 08:55:26"
612,speedreading,1737104100:W0:7604:85:200:0~1737104100:BV:535~,"2025-01-17 08:55:27"
612,getconfigrun,success,"2025-01-18 08:51:28"
612,speedreading,1737190260:W1:8363:0~1737190260:BV:534~,"2025-01-18 08:51:28"
612,getconfigrun,success,"2025-01-18 08:55:26"
612,speedreading,1737190500:W0:6715:91:200:0~1737190500:BV:536~,"2025-01-18 08:55:26"
612,getconfigrun,success,"2025-01-20 08:51:29"
612,speedreading,1737276660:E1:126696~1737276660:W1:126633:0~1737276660:BV:536~1737276900:E1:128760~1737276900:W0:128759:92:201:0~1737276900:BV:525~1737363060:W1:8980:0~1737363060:BV:534~,"2025-01-20 08:51:29"
612,getconfigrun,success,"2025-01-20 08:55:27"
612,speedreading,1737363300:W0:7258:91:200:0~1737363300:BV:536~,"2025-01-20 08:55:28"
612,getconfigrun,success,"2025-01-21 08:51:29"
612,speedreading,1737449460:W1:8235:0~1737449460:BV:533~,"2025-01-21 08:51:29"
612,getconfigrun,success,"2025-01-21 08:55:26"
612,speedreading,1737449700:W0:5872:93:200:0~1737449700:BV:536~,"2025-01-21 08:55:26"
612,getconfigrun,success,"2025-01-22 08:51:28"
612,speedreading,1737535860:W1:6915:0~1737535860:BV:532~,"2025-01-22 08:51:28"
612,getconfigrun,success,"2025-01-22 08:55:26"
612,speedreading,1737536100:W0:5339:94:200:0~1737536100:BV:524~,"2025-01-22 08:55:26"
612,getconfigrun,success,"2025-01-23 08:51:30"
612,speedreading,1737622260:W1:8693:0~1737622260:BV:533~,"2025-01-23 08:51:30"
612,getconfigrun,success,"2025-01-23 08:55:28"
612,speedreading,1737622500:W0:7146:94:200:0~1737622500:BV:535~,"2025-01-23 08:55:28"
612,getconfigrun,success,"2025-01-24 08:51:29"
612,speedreading,1737708660:W1:7430:0~1737708660:BV:533~,"2025-01-24 08:51:29"
612,getconfigrun,success,"2025-01-24 08:55:29"
612,speedreading,1737708900:W0:7534:95:201:0~1737708900:BV:535~,"2025-01-24 08:55:29"
612,getconfigrun,success,"2025-01-27 08:51:30"
612,speedreading,1737795060:E2:18200~1737795060:W1:18138:0~1737795060:BV:535~1737795300:E2:18208~1737795300:W0:18209:92:200:0~1737795300:BV:535~1737881460:E2:17201~1737881460:W1:17205:0~1737881460:BV:528~1737881700:E2:19202~1737881700:W0:19206:93:200:0~1737881700:BV:532~,"2025-01-27 08:51:30"
612,getconfigrun,success,"2025-01-27 08:55:30"
612,speedreading,1737968100:W0:7495:95:200:0~1737968100:BV:535~,"2025-01-27 08:55:30"
612,getconfigrun,success,"2025-01-28 08:51:30"
612,speedreading,1738054260:W1:7293:0~1738054260:BV:534~,"2025-01-28 08:51:30"
612,getconfigrun,success,"2025-01-28 08:55:30"
612,speedreading,1738054500:W0:7334:94:200:0~1738054500:BV:536~,"2025-01-28 08:55:30"
612,getconfigrun,success,"2025-01-29 08:51:31"
612,speedreading,1738140660:W1:8328:0~1738140660:BV:532~,"2025-01-29 08:51:32"
612,getconfigrun,success,"2025-01-29 08:55:28"
612,speedreading,1738140900:W0:5078:93:201:0~1738140900:BV:535~,"2025-01-29 08:55:29"
612,getconfigrun,success,"2025-01-30 08:51:30"
612,speedreading,1738227060:W1:6877:0~1738227060:BV:528~,"2025-01-30 08:51:31"
612,getconfigrun,success,"2025-01-30 08:55:29"
612,speedreading,1738227300:W0:5180:93:201:0~1738227300:BV:534~,"2025-01-30 08:55:29"
653,getconfigrun,success,"2025-01-02 14:30:15"
653,speedreading,1735655400:E1:126670~1735655400:W1:126611:0~1735655400:BV:438~1735656780:E1:128719~1735656780:W0:128721:0:200:0~1735656780:BV:435~1735741800:E1:126659~1735741800:W1:126663:0~1735741800:BV:437~1735743180:E1:128716~1735743180:W0:128720:0:200:0~1735743180:BV:434~,"2025-01-02 14:30:15"
653,getconfigrun,success,"2025-01-02 14:53:14"
653,speedreading,1735829580:W0:8852:0:200:0~1735829580:BV:456~,"2025-01-02 14:53:14"
653,getconfigrun,success,"2025-01-03 14:30:16"
653,speedreading,1735914600:W1:10890:0~1735914600:BV:452~,"2025-01-03 14:30:16"
653,getconfigrun,success,"2025-01-03 14:53:13"
653,speedreading,1735915980:W0:7886:0:200:0~1735915980:BV:453~,"2025-01-03 14:53:13"
653,getconfigrun,success,"2025-01-04 14:30:15"
653,speedreading,1736001000:W1:9994:0~1736001000:BV:462~,"2025-01-04 14:30:15"
653,getconfigrun,success,"2025-01-04 14:53:13"
653,speedreading,1736002380:W0:7643:0:201:0~1736002380:BV:463~,"2025-01-04 14:53:13"
653,getconfigrun,success,"2025-01-05 14:30:18"
653,speedreading,1736087400:W1:13060:0~1736087400:BV:458~,"2025-01-05 14:30:19"
653,getconfigrun,success,"2025-01-05 14:53:14"
653,speedreading,1736088780:W0:8701:0:200:0~1736088780:BV:459~,"2025-01-05 14:53:15"
653,getconfigrun,success,"2025-01-06 14:30:16"
653,speedreading,1736173800:W1:10674:0~1736173800:BV:456~,"2025-01-06 14:30:17"
653,getconfigrun,success,"2025-01-06 14:53:15"
653,speedreading,1736175180:W0:9123:0:200:0~1736175180:BV:457~,"2025-01-06 14:53:15"
653,getconfigrun,success,"2025-01-07 14:53:18"
653,speedreading,1736260200:E1:126665~1736260200:W1:126602:0~1736260200:BV:454~1736261580:W0:11752:0:201:0~1736261580:BV:460~,"2025-01-07 14:53:18"
653,getconfigrun,success,"2025-01-08 14:30:18"
653,speedreading,1736346600:W1:11640:0~1736346600:BV:462~,"2025-01-08 14:30:18"
653,getconfigrun,success,"2025-01-08 14:53:17"
653,speedreading,1736347980:W0:10928:0:200:0~1736347980:BV:463~,"2025-01-08 14:53:18"
653,getconfigrun,success,"2025-01-09 14:30:19"
653,speedreading,1736433000:W1:13045:0~1736433000:BV:463~,"2025-01-09 14:30:20"
653,getconfigrun,success,"2025-01-09 14:53:25"
653,speedreading,1736434380:W0:18457:65:200:0~1736434380:BV:460~,"2025-01-09 14:53:25"
653,getconfigrun,success,"2025-01-10 14:30:18"
653,speedreading,1736519400:W1:11349:0~1736519400:BV:457~,"2025-01-10 14:30:19"
653,getconfigrun,success,"2025-01-10 14:53:14"
653,speedreading,1736520780:W0:7266:71:200:0~1736520780:BV:460~,"2025-01-10 14:53:14"
653,getconfigrun,success,"2025-01-11 14:30:19"
653,speedreading,1736605800:W1:11923:0~1736605800:BV:456~,"2025-01-11 14:30:19"
653,getconfigrun,success,"2025-01-11 14:53:14"
653,speedreading,1736607180:W0:6970:70:200:0~1736607180:BV:462~,"2025-01-11 14:53:14"
653,getconfigrun,success,"2025-01-12 14:30:18"
653,speedreading,1736692200:W1:10922:0~1736692200:BV:452~,"2025-01-12 14:30:19"
653,getconfigrun,success,"2025-01-12 14:53:15"
653,speedreading,1736693580:W0:7338:70:200:0~1736693580:BV:456~,"2025-01-12 14:53:15"
653,getconfigrun,success,"2025-01-13 14:30:19"
653,speedreading,1736778600:W1:11411:0~1736778600:BV:446~,"2025-01-13 14:30:20"
653,getconfigrun,success,"2025-01-13 14:53:15"
653,speedreading,1736779980:W0:7371:69:200:0~1736779980:BV:449~,"2025-01-13 14:53:16"
653,getconfigrun,success,"2025-01-14 14:30:19"
653,speedreading,1736865000:W1:11043:0~1736865000:BV:446~,"2025-01-14 14:30:19"
653,getconfigrun,success,"2025-01-14 14:53:17"
653,speedreading,1736866380:W0:8578:70:200:0~1736866380:BV:451~,"2025-01-14 14:53:17"
653,getconfigrun,success,"2025-01-15 14:30:18"
653,speedreading,1736951400:W1:9991:0~1736951400:BV:458~,"2025-01-15 14:30:19"
653,getconfigrun,success,"2025-01-15 14:53:16"
653,speedreading,1736952780:W0:7371:70:200:0~1736952780:BV:457~,"2025-01-15 14:53:16"
653,getconfigrun,success,"2025-01-16 14:30:24"
653,speedreading,1737037800:W1:15494:0~1737037800:BV:444~,"2025-01-16 14:30:25"
653,getconfigrun,success,"2025-01-16 14:53:17"
653,speedreading,1737039180:W0:8531:68:201:0~1737039180:BV:452~,"2025-01-16 14:53:18"
653,getconfigrun,success,"2025-01-17 14:53:18"
653,speedreading,1737124200:E2:23484~1737124200:W1:23423:0~1737124200:BV:456~1737125580:W0:9131:69:200:0~1737125580:BV:462~,"2025-01-17 14:53:19"
653,getconfigrun,success,"2025-01-18 14:30:19"
653,speedreading,1737210600:W1:9885:0~1737210600:BV:459~,"2025-01-18 14:30:20"
653,getconfigrun,success,"2025-01-18 14:53:17"
653,speedreading,1737211980:W0:7359:71:201:0~1737211980:BV:461~,"2025-01-18 14:53:17"
653,getconfigrun,success,"2025-01-19 14:30:20"
653,speedreading,1737297000:W1:9895:0~1737297000:BV:462~,"2025-01-19 14:30:20"
653,getconfigrun,success,"2025-01-19 14:53:23"
653,speedreading,1737298380:W0:13194:69:201:0~1737298380:BV:463~,"2025-01-19 14:53:23"
653,getconfigrun,success,"2025-01-20 14:30:25"
653,speedreading,1737383400:W1:15393:0~1737383400:BV:441~,"2025-01-20 14:30:26"
653,getconfigrun,success,"2025-01-20 14:53:29"
653,speedreading,1737384780:W0:18624:69:200:0~1737384780:BV:437~,"2025-01-20 14:53:29"
653,getconfigrun,success,"2025-01-21 14:53:24"
653,speedreading,1737469800:E1:13032~1737469800:W1:12973:0~1737469800:BV:442~1737471180:W0:13761:69:201:0~1737471180:BV:442~,"2025-01-21 14:53:25"
653,getconfigrun,success,"2025-01-22 14:30:29"
653,speedreading,1737556200:W1:17961:0~1737556200:BV:452~,"2025-01-22 14:30:29"
653,getconfigrun,success,"2025-01-22 14:53:18"
653,speedreading,1737557580:W0:6943:69:201:0~1737557580:BV:457~,"2025-01-22 14:53:18"
653,getconfigrun,success,"2025-01-23 14:53:20"
653,speedreading,1737642600:E1:126674~1737642600:W1:126611:0~1737642600:BV:428~1737643980:W0:8812:70:200:0~1737643980:BV:448~,"2025-01-23 14:53:20"
653,getconfigrun,success,"2025-01-25 14:30:23"
653,speedreading,1737729000:E1:126669~1737729000:W1:126608:0~1737729000:BV:425~1737730380:E1:128728~1737730380:W0:128734:69:200:0~1737730380:BV:420~1737815400:W1:11288:0~1737815400:BV:433~,"2025-01-25 14:30:23"
653,getconfigrun,success,"2025-01-25 14:53:19"
653,speedreading,1737816780:W0:7001:0:200:0~1737816780:BV:434~,"2025-01-25 14:53:19"
653,getconfigrun,success,"2025-01-27 14:30:34"
653,getconfigrun,success,"2025-01-27 14:53:20"
653,speedreading,1737901800:E1:126663~1737901800:W1:126602:0~1737901800:BV:416~1737903180:E1:128728~1737903180:W0:128730:81:201:0~1737903180:BV:422~1737988200:W1:21440:0~1737988200:BV:435~1737989580:W0:8008:82:201:0~1737989580:BV:440~,"2025-01-27 14:53:22"
653,getconfigrun,success,"2025-01-28 14:30:25"
653,speedreading,1738074600:W1:11788:0~1738074600:BV:433~,"2025-01-28 14:30:26"
653,getconfigrun,success,"2025-01-29 14:30:27"
653,speedreading,1738075980:E1:11485~1738075980:W0:11425:0:200:0~1738075980:BV:435~1738161000:W1:13964:0~1738161000:BV:439~,"2025-01-29 14:30:29"
653,getconfigrun,success,"2025-01-29 14:53:23"
653,speedreading,1738162380:W0:10143:0:200:0~1738162380:BV:448~,"2025-01-29 14:53:24"
656,getconfigrun,success,"2025-01-27 16:16:39"
656,speedreading,1737990397:E1:66613~1737990397:BV:428~1737990723:E1:118544~1737990723:BV:425~1737991413:E1:164143~1737991413:BV:424~1737991627:E1:66605~1737991627:BV:420~1737991711:E1:148830~1737991711:BV:418~1737991886:E1:66604~1737991886:BV:417~1737992250:E1:156978~,"2025-01-27 16:16:39"
656,getconfigrun,success,"2025-01-27 16:19:10"
656,speedreading,1737994744:BV:404~,"2025-01-27 16:19:10"
656,getconfigrun,success,"2025-01-27 16:30:06"
656,speedreading,1737995400:W1:7205:0~1737995400:BV:408~,"2025-01-27 16:30:07"
656,getconfigrun,success,"2025-01-27 16:34:05"
656,speedreading,1737995640:W0:6353:151:200:0~1737995640:BV:409~,"2025-01-27 16:34:06"
656,getconfigrun,success,"2025-01-27 17:29:04"
656,speedreading,1737998938:BV:408~,"2025-01-27 17:29:04"
656,getconfigrun,success,"2025-01-27 17:37:19"
656,getconfigrun,success,"2025-01-27 17:38:51"
656,speedreading,1737998998:E1:173135~1737998998:BV:406~1737999197:BV:401~1737999524:BV:403~,"2025-01-27 17:38:51"
656,getconfigrun,success,"2025-01-27 17:46:29"
656,speedreading,1737999983:BV:426~,"2025-01-27 17:46:30"
656,getconfigrun,success,"2025-01-27 18:00:01"
656,speedreading,1738000254:E1:243049~1738000254:BV:427~1738000794:BV:427~,"2025-01-27 18:00:02"
656,getconfigrun,success,"2025-01-27 18:15:12"
656,speedreading,1738001063:E1:66606~1738001063:BV:427~1738001150:E1:66607~1738001150:BV:425~1738001290:E1:66609~1738001290:BV:425~1738001503:E2:10477~1738001503:BV:427~1738001560:E2:11434~1738001560:BV:427~1738001608:BV:422~,"2025-01-27 18:15:12"
656,getconfigrun,success,"2025-01-27 18:16:23"
656,speedreading,1738001775:BV:424~,"2025-01-27 18:16:23"
656,getconfigrun,success,"2025-01-27 18:19:07"
656,speedreading,1738001940:W1:8193:0~1738001940:BV:423~,"2025-01-27 18:19:07"
656,getconfigrun,success,"2025-01-27 18:23:14"
656,speedreading,1738002180:W0:14756:4:200:0~1738002180:BV:425~,"2025-01-27 18:23:14"
656,getconfigrun,success,"2025-01-27 18:31:16"
656,speedreading,1738002543:BV:417~,"2025-01-27 18:31:16"
656,getconfigrun,success,"2025-01-28 08:00:20"
656,speedreading,1738051200:W1:20787:0~1738051200:BV:423~,"2025-01-28 08:00:20"
656,getconfigrun,success,"2025-01-28 08:12:18"
656,speedreading,1738051920:W0:18704:179:200:0~1738051920:BV:421~,"2025-01-28 08:12:18"
656,getconfigrun,success,"2025-01-29 08:00:19"
656,speedreading,1738137600:W1:20206:0~1738137600:BV:413~,"2025-01-29 08:00:19"
656,getconfigrun,success,"2025-01-29 08:12:18"
656,speedreading,1738138320:W0:19219:175:200:0~1738138320:BV:423~,"2025-01-29 08:12:19"
656,getconfigrun,success,"2025-01-30 08:00:20"
656,speedreading,1738224000:W1:21050:0~1738224000:BV:420~,"2025-01-30 08:00:20"
656,getconfigrun,success,"2025-01-30 08:12:06"
656,speedreading,1738224720:W0:7508:145:1200:1~1738224720:BV:424~,"2025-01-30 08:12:10"
