idBV,bVoltage,batteryDateTime
106,468,"2024-12-14 05:11:08"
106,460,"2024-12-14 10:46:15"
106,462,"2024-12-14 10:47:59"
106,462,"2024-12-14 10:51:51"
106,462,"2024-12-14 10:52:08"
106,459,"2024-12-14 10:55:11"
106,461,"2024-12-14 10:57:08"
106,459,"2024-12-14 10:57:20"
106,460,"2024-12-14 10:57:57"
106,461,"2024-12-14 10:58:10"
106,460,"2024-12-14 10:58:22"
106,461,"2024-12-14 11:00:05"
106,460,"2024-12-14 11:08:47"
106,461,"2024-12-14 11:09:49"
106,461,"2024-12-14 11:11:14"
106,459,"2024-12-14 11:11:27"
106,461,"2024-12-14 11:12:12"
106,462,"2024-12-14 11:13:39"
106,461,"2024-12-14 11:14:00"
106,463,"2024-12-14 11:14:15"
106,463,"2024-12-14 11:15:24"
106,461,"2024-12-14 11:26:16"
106,462,"2024-12-14 11:26:25"
106,461,"2024-12-15 11:35:24"
106,458,"2024-12-15 11:42:23"
106,458,"2024-12-15 11:45:00"
106,461,"2024-12-15 11:49:00"
106,461,"2024-12-15 11:57:44"
106,461,"2024-12-15 11:59:00"
106,461,"2024-12-15 12:03:00"
106,466,"2024-12-27 06:32:21"
106,466,"2024-12-27 06:34:49"
106,461,"2024-12-27 06:37:10"
106,457,"2024-12-27 07:24:17"
106,454,"2024-12-27 07:34:43"
106,453,"2024-12-27 07:39:29"
106,456,"2024-12-27 07:40:45"
106,454,"2024-12-27 07:41:24"
106,457,"2024-12-27 07:43:00"
106,452,"2024-12-27 07:47:00"
106,458,"2024-12-27 07:52:06"
106,457,"2024-12-28 08:00:00"
106,458,"2024-12-28 08:06:00"
106,456,"2024-12-29 08:00:00"
106,456,"2024-12-29 08:06:00"
106,453,"2024-12-30 08:00:00"
106,456,"2024-12-30 08:06:00"
106,454,"2024-12-31 08:00:00"
106,456,"2024-12-31 08:06:00"
106,456,"2025-01-01 08:00:00"
106,454,"2025-01-01 08:06:00"
106,453,"2025-01-02 08:00:00"
106,454,"2025-01-02 08:06:00"
106,454,"2025-01-03 08:00:00"
106,453,"2025-01-03 08:06:00"
106,454,"2025-01-04 08:00:00"
106,453,"2025-01-04 08:06:00"
106,452,"2025-01-05 08:00:00"
106,454,"2025-01-05 08:06:00"
106,452,"2025-01-06 08:00:00"
106,453,"2025-01-06 08:06:00"
106,452,"2025-01-07 08:00:00"
106,453,"2025-01-07 08:06:00"
106,452,"2025-01-08 08:00:00"
106,453,"2025-01-08 08:06:00"
106,452,"2025-01-09 08:00:00"
106,453,"2025-01-09 08:06:00"
106,449,"2025-01-10 08:00:00"
106,453,"2025-01-10 08:06:00"
106,449,"2025-01-11 08:00:00"
106,453,"2025-01-11 08:06:00"
106,450,"2025-01-12 08:00:00"
106,450,"2025-01-12 08:06:00"
106,451,"2025-01-13 08:00:00"
106,446,"2025-01-13 08:06:00"
106,452,"2025-01-14 08:00:00"
106,453,"2025-01-14 08:06:00"
106,451,"2025-01-15 08:00:00"
106,452,"2025-01-15 08:06:00"
106,449,"2025-01-16 08:00:00"
106,450,"2025-01-16 08:06:00"
106,451,"2025-01-17 08:00:00"
106,450,"2025-01-17 08:06:00"
106,449,"2025-01-18 08:00:00"
106,451,"2025-01-18 08:06:00"
106,451,"2025-01-19 08:00:00"
106,452,"2025-01-19 08:06:00"
106,451,"2025-01-20 08:00:00"
106,451,"2025-01-20 08:06:00"
106,447,"2025-01-21 08:00:00"
106,450,"2025-01-21 08:06:00"
106,451,"2025-01-22 08:00:00"
106,449,"2025-01-22 08:06:00"
106,450,"2025-01-23 08:00:00"
106,452,"2025-01-23 08:06:00"
106,451,"2025-01-24 08:00:00"
106,452,"2025-01-24 08:06:00"
106,451,"2025-01-25 08:00:00"
106,451,"2025-01-25 08:06:00"
106,451,"2025-01-26 08:00:00"
106,452,"2025-01-26 08:06:00"
106,441,"2025-01-27 08:00:00"
106,450,"2025-01-27 08:06:00"
106,449,"2025-01-28 08:00:00"
106,452,"2025-01-28 08:06:00"
106,449,"2025-01-29 08:00:00"
106,451,"2025-01-29 08:06:00"
106,451,"2025-01-30 08:00:00"
106,452,"2025-01-30 08:06:00"
531,440,"2023-02-08 10:17:39"
531,442,"2023-02-08 10:19:16"
531,445,"2023-02-08 10:21:00"
531,445,"2023-02-08 10:25:00"
531,442,"2023-02-08 10:26:34"
531,441,"2023-02-08 11:50:10"
531,440,"2023-02-08 12:07:05"
531,442,"2023-02-08 12:10:00"
531,446,"2023-02-08 12:19:45"
531,437,"2023-02-17 05:31:11"
531,432,"2023-03-07 09:53:22"
531,436,"2023-03-07 10:11:02"
531,436,"2023-03-07 10:12:00"
531,438,"2023-03-07 10:16:00"
531,437,"2023-03-07 12:15:51"
531,437,"2023-03-07 12:18:00"
531,438,"2023-03-07 12:28:00"
531,438,"2023-03-08 12:18:00"
531,437,"2023-03-08 12:28:00"
531,437,"2023-03-09 12:18:00"
531,436,"2023-03-09 12:28:00"
531,433,"2023-03-12 12:18:00"
531,433,"2023-03-12 12:28:00"
531,430,"2023-03-13 12:18:00"
531,432,"2023-03-13 12:28:00"
531,423,"2023-03-18 02:07:32"
531,423,"2023-03-18 02:08:11"
531,428,"2023-03-18 02:20:01"
531,428,"2023-03-18 02:21:37"
531,424,"2023-03-19 12:18:00"
531,425,"2023-03-19 12:28:00"
531,415,"2023-03-20 11:29:19"
531,423,"2023-03-20 11:30:33"
531,423,"2023-03-20 11:32:49"
531,426,"2023-03-20 12:18:00"
531,425,"2023-03-20 12:28:00"
531,424,"2023-03-21 12:18:00"
531,424,"2023-03-21 12:28:00"
531,423,"2023-03-22 12:18:00"
531,424,"2023-03-22 12:28:00"
531,422,"2023-03-23 12:18:00"
531,425,"2023-03-23 12:28:00"
531,423,"2023-03-24 12:18:00"
531,424,"2023-03-24 12:28:00"
531,416,"2023-03-25 05:17:56"
531,422,"2023-03-25 05:19:26"
531,424,"2023-03-25 05:21:40"
531,423,"2023-03-25 12:18:00"
531,424,"2023-03-25 12:28:00"
531,424,"2023-03-26 07:00:00"
531,426,"2023-03-26 07:20:00"
531,424,"2023-03-28 07:00:00"
531,425,"2023-03-28 07:20:00"
531,425,"2023-03-29 07:00:00"
531,426,"2023-03-29 07:20:00"
531,423,"2023-03-30 07:00:00"
531,425,"2023-03-30 07:20:00"
531,424,"2023-03-31 07:00:00"
531,427,"2023-03-31 07:20:00"
531,422,"2023-04-01 07:00:00"
531,424,"2023-04-01 07:20:00"
531,417,"2023-04-03 09:19:03"
531,423,"2023-04-04 07:00:00"
531,423,"2023-04-04 07:20:00"
531,423,"2023-04-05 07:00:00"
531,424,"2023-04-05 07:20:00"
531,424,"2023-04-06 07:00:00"
531,422,"2023-04-06 07:20:00"
531,423,"2023-04-07 07:00:00"
531,424,"2023-04-07 07:20:00"
531,423,"2023-04-08 07:00:00"
531,424,"2023-04-08 07:20:00"
531,422,"2023-04-09 07:00:00"
531,423,"2023-04-09 07:20:00"
531,423,"2023-04-10 07:00:00"
531,423,"2023-04-10 07:20:00"
531,424,"2023-04-11 07:00:00"
531,424,"2023-04-11 07:20:00"
531,423,"2023-04-12 07:00:00"
531,423,"2023-04-12 07:20:00"
531,423,"2023-04-13 07:00:00"
531,425,"2023-04-13 07:20:00"
531,424,"2023-04-14 07:00:00"
531,426,"2023-04-14 07:20:00"
531,424,"2023-04-15 07:00:00"
531,426,"2023-04-15 07:20:00"
531,423,"2023-04-16 07:00:00"
531,426,"2023-04-16 07:20:00"
531,423,"2023-04-17 07:00:00"
531,424,"2023-04-17 07:20:00"
531,423,"2023-04-18 07:00:00"
531,423,"2023-04-18 07:20:00"
531,422,"2023-04-19 07:00:00"
531,424,"2023-04-19 07:20:00"
531,423,"2023-04-20 07:00:00"
531,424,"2023-04-20 07:20:00"
531,423,"2023-04-21 07:00:00"
531,424,"2023-04-21 07:20:00"
531,423,"2023-04-22 07:00:00"
531,423,"2023-04-22 07:20:00"
531,424,"2023-04-23 07:00:00"
531,424,"2023-04-23 07:20:00"
531,422,"2023-04-24 07:00:00"
531,422,"2023-04-24 07:20:00"
531,423,"2023-04-25 07:00:00"
531,424,"2023-04-25 07:20:00"
531,423,"2023-04-26 07:00:00"
531,423,"2023-04-26 07:20:00"
531,423,"2023-04-27 07:00:00"
531,423,"2023-04-27 07:20:00"
531,423,"2023-04-28 07:00:00"
531,424,"2023-04-28 07:20:00"
531,426,"2023-04-29 07:00:00"
531,425,"2023-04-29 07:20:00"
531,424,"2023-04-30 07:00:00"
531,424,"2023-04-30 07:20:00"
531,418,"2023-05-06 07:00:00"
531,424,"2023-05-06 07:20:00"
531,421,"2023-05-07 07:00:00"
531,422,"2023-05-07 07:20:00"
531,420,"2023-05-08 07:00:00"
531,422,"2023-05-08 07:20:00"
531,421,"2023-05-09 07:00:00"
531,422,"2023-05-09 07:20:00"
531,420,"2023-05-10 07:00:00"
531,422,"2023-05-10 07:20:00"
531,418,"2023-05-11 07:00:00"
531,420,"2023-05-11 07:20:00"
531,421,"2023-05-12 07:00:00"
531,421,"2023-05-12 07:20:00"
531,422,"2023-05-13 07:00:00"
531,423,"2023-05-13 07:20:00"
531,420,"2023-05-14 07:00:00"
531,423,"2023-05-14 07:20:00"
531,421,"2023-05-15 07:00:00"
531,421,"2023-05-15 07:20:00"
531,415,"2023-05-16 07:00:00"
531,422,"2023-05-16 07:20:00"
531,421,"2023-05-17 07:00:00"
531,422,"2023-05-17 07:20:00"
531,417,"2023-05-18 07:00:00"
531,420,"2023-05-18 07:20:00"
531,418,"2023-05-19 07:00:00"
531,417,"2023-05-19 07:20:00"
531,417,"2023-05-20 07:00:00"
531,421,"2023-05-20 07:20:00"
531,418,"2023-05-21 07:00:00"
531,421,"2023-05-21 07:20:00"
531,417,"2023-05-22 07:00:00"
531,421,"2023-05-22 07:20:00"
531,417,"2023-05-23 07:00:00"
531,420,"2023-05-23 07:20:00"
531,417,"2023-05-24 07:00:00"
531,421,"2023-05-24 07:20:00"
531,415,"2023-05-25 07:00:00"
531,421,"2023-05-25 07:20:00"
531,416,"2023-05-26 07:00:00"
531,420,"2023-05-26 07:20:00"
531,416,"2023-05-27 07:00:00"
531,421,"2023-05-27 07:20:00"
531,421,"2023-05-28 07:00:00"
531,421,"2023-05-28 07:20:00"
531,417,"2023-05-29 07:00:00"
531,421,"2023-05-29 07:20:00"
531,418,"2023-05-30 07:00:00"
531,421,"2023-05-30 07:20:00"
531,417,"2023-05-31 07:00:00"
531,420,"2023-05-31 07:20:00"
531,417,"2023-06-01 07:00:00"
531,420,"2023-06-01 07:20:00"
531,417,"2023-06-02 07:00:00"
531,420,"2023-06-02 07:20:00"
531,417,"2023-06-03 07:00:00"
531,418,"2023-06-03 07:20:00"
531,417,"2023-06-04 07:00:00"
531,418,"2023-06-04 07:20:00"
531,421,"2023-06-05 07:00:00"
531,421,"2023-06-05 07:20:00"
531,417,"2023-06-06 07:00:00"
531,420,"2023-06-06 07:20:00"
531,416,"2023-06-07 07:00:00"
531,421,"2023-06-07 07:20:00"
531,420,"2023-06-08 07:00:00"
531,420,"2023-06-08 07:20:00"
531,421,"2023-06-09 07:00:00"
531,421,"2023-06-09 07:20:00"
531,416,"2023-06-10 07:00:00"
531,422,"2023-06-10 07:20:00"
531,416,"2023-06-11 07:00:00"
531,421,"2023-06-11 07:20:00"
531,418,"2023-06-12 07:00:00"
531,420,"2023-06-12 07:20:00"
531,416,"2023-06-13 07:00:00"
531,421,"2023-06-13 07:20:00"
531,417,"2023-06-14 07:00:00"
531,420,"2023-06-14 07:20:00"
531,416,"2023-06-15 07:00:00"
531,421,"2023-06-15 07:20:00"
531,417,"2023-06-16 07:00:00"
531,420,"2023-06-16 07:20:00"
531,416,"2023-06-17 07:00:00"
531,420,"2023-06-17 07:20:00"
531,417,"2023-06-18 07:00:00"
531,420,"2023-06-18 07:20:00"
531,417,"2023-06-19 07:00:00"
531,420,"2023-06-19 07:20:00"
531,417,"2023-06-20 07:00:00"
531,417,"2023-06-20 07:20:00"
531,416,"2023-06-21 07:00:00"
531,416,"2023-06-21 07:20:00"
531,417,"2023-06-22 07:00:00"
531,417,"2023-06-22 07:20:00"
531,416,"2023-06-23 07:00:00"
531,417,"2023-06-23 07:20:00"
531,414,"2023-06-24 07:00:00"
531,417,"2023-06-24 07:20:00"
531,416,"2023-06-25 07:00:00"
531,417,"2023-06-25 07:20:00"
531,415,"2023-06-26 07:00:00"
531,416,"2023-06-26 07:20:00"
531,415,"2023-06-29 07:00:00"
531,416,"2023-06-29 07:20:00"
531,415,"2023-06-30 07:00:00"
531,416,"2023-06-30 07:20:00"
531,415,"2023-07-01 07:00:00"
531,416,"2023-07-01 07:20:00"
531,416,"2023-07-02 07:00:00"
531,415,"2023-07-02 07:20:00"
531,415,"2023-07-03 07:00:00"
531,416,"2023-07-03 07:20:00"
531,415,"2023-07-04 07:00:00"
531,415,"2023-07-04 07:20:00"
531,414,"2023-07-05 07:00:00"
531,414,"2023-07-05 07:20:00"
531,414,"2023-07-06 07:00:00"
531,415,"2023-07-06 07:20:00"
531,414,"2023-07-07 07:00:00"
531,414,"2023-07-07 07:20:00"
531,414,"2023-07-08 07:00:00"
531,414,"2023-07-08 07:20:00"
531,414,"2023-07-09 07:00:00"
531,414,"2023-07-09 07:20:00"
531,414,"2023-07-10 07:00:00"
531,414,"2023-07-10 07:20:00"
531,414,"2023-07-11 07:00:00"
531,414,"2023-07-11 07:20:00"
531,413,"2023-07-12 07:00:00"
531,413,"2023-07-12 07:20:00"
531,414,"2023-07-13 07:00:00"
531,415,"2023-07-13 07:20:00"
531,413,"2023-07-14 07:00:00"
531,414,"2023-07-14 07:20:00"
531,412,"2023-07-15 07:00:00"
531,415,"2023-07-15 07:20:00"
531,413,"2023-07-16 07:00:00"
531,414,"2023-07-16 07:20:00"
531,414,"2023-07-17 07:00:00"
531,415,"2023-07-17 07:20:00"
531,413,"2023-07-18 07:00:00"
531,415,"2023-07-18 07:20:00"
531,413,"2023-07-19 07:00:00"
531,415,"2023-07-19 07:20:00"
531,413,"2023-07-20 07:00:00"
531,415,"2023-07-20 07:20:00"
531,414,"2023-07-21 07:00:00"
531,414,"2023-07-21 07:20:00"
531,414,"2023-07-22 07:00:00"
531,416,"2023-07-22 07:20:00"
531,414,"2023-07-23 07:00:00"
531,415,"2023-07-23 07:20:00"
531,414,"2023-07-24 07:00:00"
531,414,"2023-07-24 07:20:00"
531,414,"2023-07-25 07:00:00"
531,415,"2023-07-25 07:20:00"
531,408,"2023-07-26 07:00:00"
531,415,"2023-07-26 07:20:00"
531,414,"2023-07-27 07:00:00"
531,414,"2023-07-27 07:20:00"
531,413,"2023-07-28 07:00:00"
531,414,"2023-07-28 07:20:00"
531,413,"2023-07-29 07:00:00"
531,414,"2023-07-29 07:20:00"
531,414,"2023-07-30 07:00:00"
531,414,"2023-07-30 07:20:00"
531,413,"2023-07-31 07:00:00"
531,414,"2023-07-31 07:20:00"
531,413,"2023-08-01 07:00:00"
531,413,"2023-08-01 07:20:00"
531,412,"2023-08-02 07:00:00"
531,414,"2023-08-02 07:20:00"
531,413,"2023-08-03 07:00:00"
531,414,"2023-08-03 07:20:00"
531,413,"2023-08-04 07:00:00"
531,414,"2023-08-04 07:20:00"
531,414,"2023-08-05 07:00:00"
531,414,"2023-08-05 07:20:00"
531,412,"2023-08-06 07:00:00"
531,414,"2023-08-06 07:20:00"
531,414,"2023-08-07 07:00:00"
531,414,"2023-08-07 07:20:00"
531,413,"2023-08-08 07:00:00"
531,414,"2023-08-08 07:20:00"
531,413,"2023-08-09 07:00:00"
531,414,"2023-08-09 07:20:00"
531,414,"2023-08-10 07:00:00"
531,414,"2023-08-10 07:20:00"
531,414,"2023-08-11 07:00:00"
531,414,"2023-08-11 07:20:00"
531,414,"2023-08-12 07:00:00"
531,414,"2023-08-12 07:20:00"
531,414,"2023-08-13 07:00:00"
531,414,"2023-08-13 07:20:00"
531,414,"2023-08-14 07:00:00"
531,415,"2023-08-14 07:20:00"
531,414,"2023-08-15 07:00:00"
531,415,"2023-08-15 07:20:00"
531,413,"2023-08-16 07:00:00"
531,414,"2023-08-16 07:20:00"
531,414,"2023-08-17 07:00:00"
531,412,"2023-08-17 07:20:00"
531,410,"2023-08-18 07:00:00"
531,415,"2023-08-18 07:20:00"
531,414,"2023-08-19 07:00:00"
531,415,"2023-08-19 07:20:00"
531,414,"2023-08-20 07:00:00"
531,413,"2023-08-20 07:20:00"
531,413,"2023-08-21 07:00:00"
531,415,"2023-08-21 07:20:00"
531,414,"2023-08-22 07:00:00"
531,414,"2023-08-22 07:20:00"
531,414,"2023-08-23 07:00:00"
531,414,"2023-08-23 07:20:00"
531,414,"2023-08-24 07:00:00"
531,415,"2023-08-24 07:20:00"
531,414,"2023-08-25 07:00:00"
531,414,"2023-08-25 07:20:00"
531,413,"2023-08-26 07:00:00"
531,414,"2023-08-26 07:20:00"
531,414,"2023-08-27 07:00:00"
531,415,"2023-08-27 07:20:00"
531,413,"2023-08-28 07:00:00"
531,414,"2023-08-28 07:20:00"
531,413,"2023-08-29 07:00:00"
531,414,"2023-08-29 07:20:00"
531,413,"2023-08-30 07:00:00"
531,415,"2023-08-30 07:20:00"
531,413,"2023-08-31 07:00:00"
531,414,"2023-08-31 07:20:00"
531,413,"2023-09-01 07:00:00"
531,413,"2023-09-01 07:20:00"
531,413,"2023-09-02 07:00:00"
531,414,"2023-09-02 07:20:00"
531,413,"2023-09-03 07:00:00"
531,410,"2023-09-03 07:20:00"
531,413,"2023-09-04 07:00:00"
531,414,"2023-09-04 07:20:00"
531,413,"2023-09-05 07:00:00"
531,414,"2023-09-05 07:20:00"
531,412,"2023-09-06 07:00:00"
531,413,"2023-09-06 07:20:00"
531,412,"2023-09-07 07:00:00"
531,414,"2023-09-07 07:20:00"
531,413,"2023-09-08 07:00:00"
531,413,"2023-09-08 07:20:00"
531,413,"2023-09-09 07:00:00"
531,413,"2023-09-09 07:20:00"
531,414,"2023-09-10 07:00:00"
531,415,"2023-09-10 07:20:00"
531,413,"2023-09-11 07:00:00"
531,413,"2023-09-11 07:20:00"
531,412,"2023-09-12 07:00:00"
531,414,"2023-09-12 07:20:00"
531,413,"2023-09-13 07:00:00"
531,414,"2023-09-13 07:20:00"
531,413,"2023-09-14 07:00:00"
531,414,"2023-09-14 07:20:00"
531,413,"2023-09-15 07:00:00"
531,414,"2023-09-15 07:20:00"
531,413,"2023-09-16 07:00:00"
531,414,"2023-09-16 07:20:00"
531,412,"2023-09-17 07:00:00"
531,413,"2023-09-17 07:20:00"
531,413,"2023-09-18 07:00:00"
531,414,"2023-09-18 07:20:00"
531,413,"2023-09-19 07:00:00"
531,415,"2023-09-19 07:20:00"
531,413,"2023-09-20 07:00:00"
531,413,"2023-09-20 07:20:00"
531,413,"2023-09-21 07:00:00"
531,414,"2023-09-21 07:20:00"
531,412,"2023-09-22 07:00:00"
531,414,"2023-09-22 07:20:00"
531,412,"2023-09-23 07:00:00"
531,412,"2023-09-23 07:20:00"
531,412,"2023-09-24 07:00:00"
531,413,"2023-09-24 07:20:00"
531,413,"2023-09-25 07:00:00"
531,413,"2023-09-25 07:20:00"
531,412,"2023-09-26 07:00:00"
531,413,"2023-09-26 07:20:00"
531,414,"2023-09-27 07:00:00"
531,415,"2023-09-27 07:20:00"
531,413,"2023-09-28 07:00:00"
531,414,"2023-09-28 07:20:00"
531,412,"2023-09-29 07:00:00"
531,412,"2023-09-29 07:20:00"
531,412,"2023-09-30 07:00:00"
531,412,"2023-09-30 07:20:00"
531,412,"2023-10-01 07:00:00"
531,413,"2023-10-01 07:20:00"
531,412,"2023-10-02 07:00:00"
531,413,"2023-10-02 07:20:00"
531,412,"2023-10-03 07:00:00"
531,413,"2023-10-03 07:20:00"
531,411,"2023-10-04 07:00:00"
531,413,"2023-10-04 07:20:00"
531,413,"2023-10-05 07:00:00"
531,414,"2023-10-05 07:20:00"
531,413,"2023-10-06 07:00:00"
531,413,"2023-10-06 07:20:00"
531,413,"2023-10-07 07:00:00"
531,413,"2023-10-07 07:20:00"
531,412,"2023-10-08 07:00:00"
531,413,"2023-10-08 07:20:00"
531,412,"2023-10-09 07:00:00"
531,413,"2023-10-09 07:20:00"
531,412,"2023-10-10 07:00:00"
531,413,"2023-10-10 07:20:00"
531,410,"2023-10-11 07:00:00"
531,413,"2023-10-11 07:20:00"
531,411,"2023-10-12 07:00:00"
531,412,"2023-10-12 07:20:00"
531,412,"2023-10-13 07:00:00"
531,413,"2023-10-13 07:20:00"
531,412,"2023-10-14 07:00:00"
531,412,"2023-10-14 07:20:00"
531,412,"2023-10-15 07:00:00"
531,413,"2023-10-15 07:20:00"
531,412,"2023-10-16 07:00:00"
531,413,"2023-10-16 07:20:00"
531,411,"2023-10-17 07:00:00"
531,413,"2023-10-17 07:20:00"
531,412,"2023-10-18 07:00:00"
531,413,"2023-10-18 07:20:00"
531,411,"2023-10-19 07:00:00"
531,412,"2023-10-19 07:20:00"
531,412,"2023-10-20 07:00:00"
531,412,"2023-10-20 07:20:00"
531,411,"2023-10-21 07:00:00"
531,413,"2023-10-21 07:20:00"
531,412,"2023-10-22 07:00:00"
531,412,"2023-10-22 07:20:00"
531,412,"2023-10-23 07:00:00"
531,412,"2023-10-23 07:20:00"
531,412,"2023-10-24 07:00:00"
531,413,"2023-10-24 07:20:00"
531,412,"2023-10-25 07:00:00"
531,413,"2023-10-25 07:20:00"
531,412,"2023-10-26 07:00:00"
531,413,"2023-10-26 07:20:00"
531,412,"2023-10-27 07:00:00"
531,413,"2023-10-27 07:20:00"
531,412,"2023-10-28 07:00:00"
531,413,"2023-10-28 07:20:00"
531,411,"2023-10-29 07:00:00"
531,412,"2023-10-29 07:20:00"
531,412,"2023-10-30 07:00:00"
531,412,"2023-10-30 07:20:00"
531,412,"2023-10-31 07:00:00"
531,413,"2023-10-31 07:20:00"
531,412,"2023-11-01 07:00:00"
531,413,"2023-11-01 07:20:00"
531,411,"2023-11-02 07:00:00"
531,413,"2023-11-02 07:20:00"
531,411,"2023-11-03 07:00:00"
531,411,"2023-11-03 07:20:00"
531,412,"2023-11-04 07:00:00"
531,413,"2023-11-04 07:20:00"
531,412,"2023-11-05 07:00:00"
531,413,"2023-11-05 07:20:00"
531,412,"2023-11-06 07:00:00"
531,412,"2023-11-06 07:20:00"
531,411,"2023-11-07 07:00:00"
531,413,"2023-11-07 07:20:00"
531,412,"2023-11-08 07:00:00"
531,413,"2023-11-08 07:20:00"
531,412,"2023-11-09 07:00:00"
531,413,"2023-11-09 07:20:00"
531,409,"2023-11-10 07:00:00"
531,413,"2023-11-10 07:20:00"
531,411,"2023-11-11 07:00:00"
531,413,"2023-11-11 07:20:00"
531,413,"2023-11-12 07:00:00"
531,413,"2023-11-12 07:20:00"
531,412,"2023-11-13 07:00:00"
531,412,"2023-11-13 07:20:00"
531,412,"2023-11-14 07:00:00"
531,413,"2023-11-14 07:20:00"
531,411,"2023-11-15 07:00:00"
531,413,"2023-11-15 07:20:00"
531,408,"2023-11-16 07:00:00"
531,413,"2023-11-16 07:20:00"
531,410,"2023-11-17 07:00:00"
531,413,"2023-11-17 07:20:00"
531,412,"2023-11-18 07:00:00"
531,412,"2023-11-18 07:20:00"
531,411,"2023-11-19 07:00:00"
531,411,"2023-11-19 07:20:00"
531,410,"2023-11-20 07:00:00"
531,412,"2023-11-20 07:20:00"
531,410,"2023-11-21 07:00:00"
531,411,"2023-11-21 07:20:00"
531,411,"2023-11-22 07:00:00"
531,412,"2023-11-22 07:20:00"
531,411,"2023-11-23 07:00:00"
531,412,"2023-11-23 07:20:00"
531,411,"2023-11-24 07:00:00"
531,411,"2023-11-24 07:20:00"
531,410,"2023-11-25 07:00:00"
531,411,"2023-11-25 07:20:00"
531,411,"2023-11-26 07:00:00"
531,411,"2023-11-26 07:20:00"
531,410,"2023-11-27 07:00:00"
531,412,"2023-11-27 07:20:00"
531,410,"2023-11-28 07:00:00"
531,412,"2023-11-28 07:20:00"
531,409,"2023-11-29 07:00:00"
531,412,"2023-11-29 07:20:00"
531,410,"2023-11-30 07:00:00"
531,412,"2023-11-30 07:20:00"
531,410,"2023-12-01 07:00:00"
531,412,"2023-12-01 07:20:00"
531,411,"2023-12-02 07:00:00"
531,412,"2023-12-02 07:20:00"
531,410,"2023-12-03 07:00:00"
531,412,"2023-12-03 07:20:00"
531,410,"2023-12-04 07:00:00"
531,412,"2023-12-04 07:20:00"
531,411,"2023-12-05 07:00:00"
531,411,"2023-12-05 07:20:00"
531,410,"2023-12-06 07:00:00"
531,412,"2023-12-06 07:20:00"
531,411,"2023-12-07 07:00:00"
531,412,"2023-12-07 07:20:00"
531,410,"2023-12-08 07:00:00"
531,412,"2023-12-08 07:20:00"
531,410,"2023-12-09 07:00:00"
531,411,"2023-12-09 07:20:00"
531,411,"2023-12-10 07:00:00"
531,412,"2023-12-10 07:20:00"
531,412,"2023-12-11 07:00:00"
531,412,"2023-12-11 07:20:00"
531,412,"2023-12-12 07:00:00"
531,412,"2023-12-12 07:20:00"
531,411,"2023-12-14 07:00:00"
531,411,"2023-12-14 07:20:00"
531,411,"2023-12-15 07:00:00"
531,411,"2023-12-15 07:20:00"
531,412,"2023-12-16 07:00:00"
531,412,"2023-12-16 07:20:00"
531,411,"2023-12-17 07:00:00"
531,412,"2023-12-17 07:20:00"
531,409,"2023-12-18 07:00:00"
531,411,"2023-12-18 07:20:00"
531,410,"2023-12-19 07:00:00"
531,411,"2023-12-19 07:20:00"
531,410,"2023-12-20 07:00:00"
531,411,"2023-12-20 07:20:00"
531,408,"2023-12-21 07:00:00"
531,410,"2023-12-21 07:20:00"
531,410,"2023-12-22 07:00:00"
531,411,"2023-12-22 07:20:00"
531,409,"2023-12-23 07:00:00"
531,410,"2023-12-23 07:20:00"
531,410,"2023-12-24 07:00:00"
531,410,"2023-12-24 07:20:00"
531,410,"2023-12-25 07:00:00"
531,411,"2023-12-25 07:20:00"
531,410,"2023-12-26 07:00:00"
531,411,"2023-12-26 07:20:00"
531,411,"2023-12-27 07:00:00"
531,411,"2023-12-27 07:20:00"
531,409,"2023-12-28 07:00:00"
531,410,"2023-12-28 07:20:00"
531,409,"2023-12-29 07:00:00"
531,410,"2023-12-29 07:20:00"
531,409,"2023-12-30 07:00:00"
531,411,"2023-12-30 07:20:00"
531,409,"2023-12-31 07:00:00"
531,411,"2023-12-31 07:20:00"
531,408,"2024-01-01 07:00:00"
531,409,"2024-01-01 07:20:00"
531,408,"2024-01-02 07:00:00"
531,410,"2024-01-02 07:20:00"
531,409,"2024-01-03 07:00:00"
531,410,"2024-01-03 07:20:00"
531,409,"2024-01-04 07:00:00"
531,409,"2024-01-04 07:20:00"
531,409,"2024-01-05 07:00:00"
531,411,"2024-01-05 07:20:00"
531,410,"2024-01-06 07:00:00"
531,411,"2024-01-06 07:20:00"
531,409,"2024-01-07 07:00:00"
531,410,"2024-01-07 07:20:00"
531,408,"2024-01-08 07:00:00"
531,408,"2024-01-08 07:20:00"
531,406,"2024-01-09 07:00:00"
531,410,"2024-01-09 07:20:00"
531,410,"2024-01-10 07:00:00"
531,410,"2024-01-10 07:20:00"
531,408,"2024-01-11 07:00:00"
531,410,"2024-01-11 07:20:00"
531,409,"2024-01-12 07:00:00"
531,411,"2024-01-12 07:20:00"
531,408,"2024-01-13 07:00:00"
531,410,"2024-01-13 07:20:00"
531,408,"2024-01-14 07:00:00"
531,410,"2024-01-14 07:20:00"
531,408,"2024-01-15 07:00:00"
531,410,"2024-01-15 07:20:00"
531,409,"2024-01-16 07:00:00"
531,409,"2024-01-16 07:20:00"
531,408,"2024-01-17 07:00:00"
531,410,"2024-01-17 07:20:00"
531,409,"2024-01-18 07:00:00"
531,410,"2024-01-18 07:20:00"
531,409,"2024-01-19 07:00:00"
531,410,"2024-01-19 07:20:00"
531,408,"2024-01-20 07:00:00"
531,410,"2024-01-20 07:20:00"
531,408,"2024-01-21 07:00:00"
531,408,"2024-01-21 07:20:00"
531,406,"2024-01-22 07:00:00"
531,409,"2024-01-22 07:20:00"
531,409,"2024-01-23 07:00:00"
531,409,"2024-01-23 07:20:00"
531,408,"2024-01-24 07:00:00"
531,408,"2024-01-24 07:20:00"
531,408,"2024-01-25 07:00:00"
531,409,"2024-01-25 07:20:00"
531,408,"2024-01-26 07:00:00"
531,409,"2024-01-26 07:20:00"
531,405,"2024-01-27 07:00:00"
531,408,"2024-01-27 07:20:00"
531,408,"2024-01-28 07:00:00"
531,409,"2024-01-28 07:20:00"
531,408,"2024-01-29 07:00:00"
531,409,"2024-01-29 07:20:00"
531,406,"2024-01-30 07:00:00"
531,409,"2024-01-30 07:20:00"
531,409,"2024-01-31 07:00:00"
531,408,"2024-01-31 07:20:00"
531,409,"2024-02-01 07:00:00"
531,409,"2024-02-01 07:20:00"
531,408,"2024-02-03 07:00:00"
531,409,"2024-02-03 07:20:00"
531,405,"2024-02-04 07:00:00"
531,405,"2024-02-04 07:20:00"
531,408,"2024-02-05 07:00:00"
531,409,"2024-02-05 07:20:00"
531,408,"2024-02-06 07:00:00"
531,409,"2024-02-06 07:20:00"
531,406,"2024-02-07 07:00:00"
531,404,"2024-02-07 07:20:00"
531,408,"2024-02-08 07:00:00"
531,408,"2024-02-08 07:20:00"
531,405,"2024-02-09 07:00:00"
531,406,"2024-02-09 07:06:00"
531,408,"2024-02-09 07:38:00"
531,406,"2024-02-10 07:06:00"
531,406,"2024-02-10 07:38:00"
531,406,"2024-02-11 07:06:00"
531,408,"2024-02-11 07:38:00"
531,404,"2024-02-13 07:06:00"
531,406,"2024-02-13 07:38:00"
531,405,"2024-02-14 07:06:00"
531,408,"2024-02-14 07:38:00"
531,406,"2024-02-15 07:06:00"
531,409,"2024-02-15 07:38:00"
531,409,"2024-02-16 07:06:00"
531,409,"2024-02-16 07:38:00"
531,404,"2024-02-17 07:06:00"
531,408,"2024-02-17 07:38:00"
531,405,"2024-02-18 07:06:00"
531,409,"2024-02-18 07:38:00"
531,406,"2024-02-19 07:06:00"
531,408,"2024-02-19 07:38:00"
531,406,"2024-02-20 07:06:00"
531,408,"2024-02-20 07:38:00"
531,405,"2024-02-21 07:06:00"
531,408,"2024-02-21 07:38:00"
531,405,"2024-02-22 07:06:00"
531,405,"2024-02-22 07:38:00"
531,405,"2024-02-23 07:06:00"
531,408,"2024-02-23 07:38:00"
531,405,"2024-02-24 07:06:00"
531,409,"2024-02-24 07:38:00"
531,405,"2024-02-25 07:06:00"
531,408,"2024-02-25 07:38:00"
531,405,"2024-02-26 07:06:00"
531,408,"2024-02-26 07:38:00"
531,406,"2024-02-27 07:06:00"
531,408,"2024-02-27 07:38:00"
531,405,"2024-02-28 07:06:00"
531,408,"2024-02-28 07:38:00"
531,406,"2024-02-29 07:06:00"
531,408,"2024-02-29 07:38:00"
531,405,"2024-03-01 07:06:00"
531,406,"2024-03-01 07:38:00"
531,405,"2024-03-02 07:06:00"
531,405,"2024-03-02 07:38:00"
531,405,"2024-03-03 07:06:00"
531,406,"2024-03-03 07:38:00"
531,403,"2024-03-04 07:06:00"
531,406,"2024-03-04 07:38:00"
531,405,"2024-03-05 07:06:00"
531,406,"2024-03-05 07:38:00"
531,404,"2024-03-06 07:06:00"
531,405,"2024-03-06 07:38:00"
531,403,"2024-03-07 07:06:00"
531,406,"2024-03-07 07:38:00"
531,405,"2024-03-08 07:06:00"
531,406,"2024-03-08 07:38:00"
531,405,"2024-03-09 07:06:00"
531,408,"2024-03-09 07:38:00"
531,405,"2024-03-10 07:06:00"
531,408,"2024-03-10 07:38:00"
531,404,"2024-03-11 07:06:00"
531,405,"2024-03-11 07:38:00"
531,408,"2024-03-12 07:06:00"
531,408,"2024-03-12 07:38:00"
531,406,"2024-03-13 07:06:00"
531,406,"2024-03-13 07:38:00"
531,405,"2024-03-14 07:06:00"
531,406,"2024-03-14 07:38:00"
531,405,"2024-03-15 07:06:00"
531,406,"2024-03-15 07:38:00"
531,400,"2024-03-16 07:06:00"
531,405,"2024-03-16 07:38:00"
531,404,"2024-03-17 07:06:00"
531,405,"2024-03-17 07:38:00"
531,405,"2024-03-18 07:06:00"
531,406,"2024-03-18 07:38:00"
531,405,"2024-03-19 07:06:00"
531,406,"2024-03-19 07:38:00"
531,404,"2024-03-20 07:06:00"
531,406,"2024-03-20 07:38:00"
531,405,"2024-03-21 07:06:00"
531,406,"2024-03-21 07:38:00"
531,405,"2024-03-22 07:06:00"
531,406,"2024-03-22 07:38:00"
531,405,"2024-03-23 07:06:00"
531,405,"2024-03-23 07:38:00"
531,405,"2024-03-24 07:06:00"
531,405,"2024-03-24 07:38:00"
531,403,"2024-03-25 07:06:00"
531,402,"2024-03-25 07:38:00"
531,404,"2024-03-26 07:06:00"
531,405,"2024-03-26 07:38:00"
531,405,"2024-03-27 07:06:00"
531,405,"2024-03-27 07:38:00"
531,404,"2024-03-28 07:06:00"
531,405,"2024-03-28 07:38:00"
531,402,"2024-03-29 07:06:00"
531,405,"2024-03-29 07:38:00"
531,405,"2024-03-30 07:06:00"
531,405,"2024-03-30 07:38:00"
531,405,"2024-03-31 07:06:00"
531,406,"2024-03-31 07:38:00"
531,404,"2024-04-01 07:06:00"
531,405,"2024-04-01 07:38:00"
531,404,"2024-04-02 07:06:00"
531,405,"2024-04-02 07:38:00"
531,404,"2024-04-03 07:06:00"
531,405,"2024-04-03 07:38:00"
531,405,"2024-04-04 07:06:00"
531,405,"2024-04-04 07:38:00"
531,404,"2024-04-05 07:06:00"
531,406,"2024-04-05 07:38:00"
531,405,"2024-04-06 07:06:00"
531,405,"2024-04-06 07:38:00"
531,403,"2024-04-07 07:06:00"
531,408,"2024-04-07 07:38:00"
531,403,"2024-04-08 07:06:00"
531,405,"2024-04-08 07:38:00"
531,403,"2024-04-09 07:06:00"
531,408,"2024-04-09 07:38:00"
531,405,"2024-04-10 07:06:00"
531,405,"2024-04-10 07:38:00"
531,405,"2024-04-11 07:06:00"
531,405,"2024-04-11 07:38:00"
531,406,"2024-04-12 07:06:00"
531,408,"2024-04-12 07:38:00"
531,405,"2024-04-13 07:06:00"
531,406,"2024-04-13 07:38:00"
531,405,"2024-04-14 07:06:00"
531,406,"2024-04-14 07:38:00"
531,405,"2024-04-15 07:06:00"
531,405,"2024-04-15 07:38:00"
531,405,"2024-04-16 07:06:00"
531,406,"2024-04-16 07:38:00"
531,406,"2024-04-17 07:06:00"
531,408,"2024-04-17 07:38:00"
531,405,"2024-04-18 07:06:00"
531,406,"2024-04-18 07:38:00"
531,405,"2024-04-19 07:06:00"
531,405,"2024-04-19 07:38:00"
531,406,"2024-04-20 07:06:00"
531,408,"2024-04-20 07:38:00"
531,404,"2024-04-21 07:06:00"
531,405,"2024-04-21 07:38:00"
531,405,"2024-04-22 07:06:00"
531,405,"2024-04-22 07:38:00"
531,405,"2024-04-23 07:06:00"
531,405,"2024-04-23 07:38:00"
531,405,"2024-04-24 07:06:00"
531,405,"2024-04-24 07:38:00"
531,401,"2024-04-25 07:06:00"
531,405,"2024-04-25 07:38:00"
531,403,"2024-04-26 07:06:00"
531,405,"2024-04-26 07:38:00"
531,405,"2024-04-27 07:06:00"
531,405,"2024-04-27 07:38:00"
531,405,"2024-04-28 07:06:00"
531,405,"2024-04-28 07:38:00"
531,405,"2024-04-29 07:06:00"
531,405,"2024-04-29 07:38:00"
531,404,"2024-04-30 07:06:00"
531,405,"2024-04-30 07:38:00"
531,405,"2024-05-01 07:06:00"
531,405,"2024-05-01 07:38:00"
531,404,"2024-05-02 07:06:00"
531,405,"2024-05-02 07:38:00"
531,404,"2024-05-03 07:06:00"
531,405,"2024-05-03 07:38:00"
531,404,"2024-05-04 07:06:00"
531,406,"2024-05-04 07:38:00"
531,405,"2024-05-05 07:06:00"
531,406,"2024-05-05 07:38:00"
531,405,"2024-05-06 07:06:00"
531,406,"2024-05-06 07:38:00"
531,405,"2024-05-07 07:06:00"
531,405,"2024-05-07 07:38:00"
531,404,"2024-05-08 07:06:00"
531,405,"2024-05-08 07:38:00"
531,399,"2024-05-09 07:06:00"
531,408,"2024-05-09 07:38:00"
531,405,"2024-05-10 07:06:00"
531,405,"2024-05-10 07:38:00"
531,396,"2024-05-11 07:06:00"
531,405,"2024-05-11 07:38:00"
531,405,"2024-05-12 07:06:00"
531,408,"2024-05-12 07:38:00"
531,405,"2024-05-13 07:06:00"
531,405,"2024-05-13 07:38:00"
531,404,"2024-05-14 07:06:00"
531,405,"2024-05-14 07:38:00"
531,405,"2024-05-15 07:06:00"
531,405,"2024-05-15 07:38:00"
531,405,"2024-05-16 07:06:00"
531,405,"2024-05-16 07:38:00"
531,405,"2024-05-17 07:06:00"
531,405,"2024-05-17 07:38:00"
531,404,"2024-05-18 07:06:00"
531,405,"2024-05-18 07:38:00"
531,404,"2024-05-19 07:06:00"
531,405,"2024-05-19 07:38:00"
531,404,"2024-05-20 07:06:00"
531,405,"2024-05-20 07:38:00"
531,404,"2024-05-21 07:06:00"
531,404,"2024-05-21 07:38:00"
531,405,"2024-05-22 07:06:00"
531,404,"2024-05-23 07:06:00"
531,405,"2024-05-23 07:38:00"
531,404,"2024-05-24 07:06:00"
531,404,"2024-05-24 07:38:00"
531,403,"2024-05-25 07:06:00"
531,404,"2024-05-25 07:38:00"
531,403,"2024-05-26 07:06:00"
531,405,"2024-05-26 07:38:00"
531,404,"2024-05-27 07:06:00"
531,403,"2024-05-27 07:38:00"
531,404,"2024-05-28 07:06:00"
531,405,"2024-05-28 07:38:00"
531,404,"2024-05-29 07:06:00"
531,405,"2024-05-29 07:38:00"
531,403,"2024-05-30 07:06:00"
531,404,"2024-05-30 07:38:00"
531,403,"2024-05-31 07:06:00"
531,404,"2024-05-31 07:38:00"
531,402,"2024-06-01 07:06:00"
531,403,"2024-06-01 07:38:00"
531,404,"2024-06-02 07:06:00"
531,404,"2024-06-02 07:38:00"
531,403,"2024-06-03 07:06:00"
531,403,"2024-06-03 07:38:00"
531,403,"2024-06-04 07:06:00"
531,404,"2024-06-04 07:38:00"
531,402,"2024-06-05 07:06:00"
531,403,"2024-06-05 07:38:00"
531,402,"2024-06-06 07:06:00"
531,403,"2024-06-06 07:38:00"
531,403,"2024-06-07 07:06:00"
531,404,"2024-06-07 07:38:00"
531,403,"2024-06-08 07:06:00"
531,404,"2024-06-08 07:38:00"
531,402,"2024-06-09 07:06:00"
531,403,"2024-06-09 07:38:00"
531,402,"2024-06-10 07:06:00"
531,404,"2024-06-10 07:38:00"
531,402,"2024-06-11 07:06:00"
531,403,"2024-06-11 07:38:00"
531,402,"2024-06-12 07:06:00"
531,402,"2024-06-12 07:38:00"
531,402,"2024-06-13 07:06:00"
531,403,"2024-06-13 07:38:00"
531,402,"2024-06-14 07:06:00"
531,403,"2024-06-14 07:38:00"
531,401,"2024-06-15 07:06:00"
531,403,"2024-06-15 07:38:00"
531,402,"2024-06-16 07:06:00"
531,403,"2024-06-16 07:38:00"
531,402,"2024-06-17 07:06:00"
531,403,"2024-06-17 07:38:00"
531,403,"2024-06-18 07:06:00"
531,403,"2024-06-18 07:38:00"
531,403,"2024-06-19 07:06:00"
531,402,"2024-06-19 07:38:00"
531,402,"2024-06-20 07:06:00"
531,402,"2024-06-20 07:38:00"
531,403,"2024-06-21 07:06:00"
531,403,"2024-06-21 07:38:00"
531,403,"2024-06-22 07:06:00"
531,403,"2024-06-22 07:38:00"
531,403,"2024-06-23 07:06:00"
531,403,"2024-06-23 07:38:00"
531,402,"2024-06-24 07:06:00"
531,403,"2024-06-24 07:38:00"
531,402,"2024-06-25 07:06:00"
531,403,"2024-06-25 07:38:00"
531,401,"2024-06-26 07:06:00"
531,403,"2024-06-26 07:38:00"
531,402,"2024-06-27 07:06:00"
531,403,"2024-06-27 07:38:00"
531,403,"2024-06-28 07:06:00"
531,403,"2024-06-28 07:38:00"
531,402,"2024-06-29 07:06:00"
531,404,"2024-06-29 07:38:00"
531,402,"2024-06-30 07:06:00"
531,404,"2024-06-30 07:38:00"
531,403,"2024-07-01 07:06:00"
531,403,"2024-07-01 07:38:00"
531,402,"2024-07-02 07:06:00"
531,403,"2024-07-02 07:38:00"
531,402,"2024-07-03 07:06:00"
531,403,"2024-07-03 07:38:00"
531,402,"2024-07-04 07:06:00"
531,403,"2024-07-04 07:38:00"
531,401,"2024-07-05 07:06:00"
531,403,"2024-07-05 07:38:00"
531,402,"2024-07-06 07:06:00"
531,403,"2024-07-06 07:38:00"
531,402,"2024-07-07 07:06:00"
531,403,"2024-07-07 07:38:00"
531,402,"2024-07-08 07:06:00"
531,403,"2024-07-08 07:38:00"
531,402,"2024-07-09 07:06:00"
531,403,"2024-07-09 07:38:00"
531,402,"2024-07-10 07:06:00"
531,403,"2024-07-10 07:38:00"
531,401,"2024-07-11 07:06:00"
531,403,"2024-07-11 07:38:00"
531,403,"2024-07-12 07:06:00"
531,402,"2024-07-12 07:38:00"
531,402,"2024-07-13 07:06:00"
531,402,"2024-07-13 07:38:00"
531,401,"2024-07-14 07:06:00"
531,403,"2024-07-14 07:38:00"
531,402,"2024-07-15 07:06:00"
531,403,"2024-07-15 07:38:00"
531,402,"2024-07-16 07:06:00"
531,403,"2024-07-16 07:38:00"
531,402,"2024-07-17 07:06:00"
531,403,"2024-07-17 07:38:00"
531,402,"2024-07-18 07:06:00"
531,403,"2024-07-18 07:38:00"
531,401,"2024-07-19 07:06:00"
531,402,"2024-07-19 07:38:00"
531,402,"2024-07-20 07:06:00"
531,403,"2024-07-20 07:38:00"
531,401,"2024-07-21 07:06:00"
531,403,"2024-07-21 07:38:00"
531,401,"2024-07-22 07:06:00"
531,403,"2024-07-22 07:38:00"
531,402,"2024-07-23 07:06:00"
531,402,"2024-07-23 07:38:00"
531,401,"2024-07-24 07:06:00"
531,403,"2024-07-24 07:38:00"
531,402,"2024-07-25 07:06:00"
531,403,"2024-07-25 07:38:00"
531,401,"2024-07-26 07:06:00"
531,402,"2024-07-26 07:38:00"
531,401,"2024-07-27 07:06:00"
531,402,"2024-07-27 07:38:00"
531,401,"2024-07-28 07:06:00"
531,402,"2024-07-28 07:38:00"
531,400,"2024-07-29 07:06:00"
531,402,"2024-07-29 07:38:00"
531,402,"2024-07-30 07:06:00"
531,402,"2024-07-30 07:38:00"
531,399,"2024-07-31 07:06:00"
531,401,"2024-07-31 07:38:00"
531,401,"2024-08-01 07:06:00"
531,403,"2024-08-01 07:38:00"
531,403,"2024-08-02 07:06:00"
531,403,"2024-08-02 07:38:00"
531,402,"2024-08-03 07:06:00"
531,402,"2024-08-03 07:38:00"
531,402,"2024-08-08 07:06:00"
531,402,"2024-08-08 07:38:00"
531,401,"2024-08-09 07:06:00"
531,402,"2024-08-09 07:38:00"
531,402,"2024-08-10 07:06:00"
531,402,"2024-08-10 07:38:00"
531,401,"2024-08-11 07:06:00"
531,402,"2024-08-11 07:38:00"
531,401,"2024-08-12 07:06:00"
531,402,"2024-08-12 07:38:00"
531,402,"2024-08-13 07:06:00"
531,402,"2024-08-13 07:38:00"
531,401,"2024-08-14 07:06:00"
531,403,"2024-08-14 07:38:00"
531,402,"2024-08-15 07:06:00"
531,402,"2024-08-15 07:38:00"
531,400,"2024-08-16 07:06:00"
531,402,"2024-08-16 07:38:00"
531,402,"2024-08-17 07:06:00"
531,402,"2024-08-17 07:38:00"
531,401,"2024-08-18 07:06:00"
531,401,"2024-08-18 07:38:00"
531,401,"2024-08-19 07:06:00"
531,401,"2024-08-19 07:38:00"
531,400,"2024-08-20 07:06:00"
531,402,"2024-08-20 07:38:00"
531,401,"2024-08-21 07:06:00"
531,402,"2024-08-21 07:38:00"
531,400,"2024-08-22 07:06:00"
531,401,"2024-08-22 07:38:00"
531,401,"2024-08-23 07:06:00"
531,401,"2024-08-23 07:38:00"
531,399,"2024-08-24 07:06:00"
531,402,"2024-08-24 07:38:00"
531,400,"2024-08-25 07:06:00"
531,402,"2024-08-25 07:38:00"
531,401,"2024-08-26 07:06:00"
531,401,"2024-08-26 07:38:00"
531,401,"2024-08-27 07:06:00"
531,401,"2024-08-27 07:38:00"
531,399,"2024-08-28 07:06:00"
531,402,"2024-08-28 07:38:00"
531,401,"2024-08-29 07:06:00"
531,402,"2024-08-29 07:38:00"
531,400,"2024-08-30 07:06:00"
531,401,"2024-08-30 07:38:00"
531,401,"2024-08-31 07:06:00"
531,401,"2024-08-31 07:38:00"
531,401,"2024-09-01 07:06:00"
531,402,"2024-09-01 07:38:00"
531,401,"2024-09-02 07:06:00"
531,391,"2024-09-02 07:38:00"
531,401,"2024-09-03 07:06:00"
531,401,"2024-09-03 07:38:00"
531,400,"2024-09-04 07:06:00"
531,401,"2024-09-04 07:38:00"
531,402,"2024-09-05 07:06:00"
531,403,"2024-09-05 07:38:00"
531,400,"2024-09-06 07:06:00"
531,401,"2024-09-06 07:38:00"
531,401,"2024-09-07 07:06:00"
531,402,"2024-09-07 07:38:00"
531,400,"2024-09-08 07:06:00"
531,401,"2024-09-08 07:38:00"
531,400,"2024-09-09 07:06:00"
531,400,"2024-09-09 07:38:00"
531,399,"2024-09-10 07:06:00"
531,402,"2024-09-10 07:38:00"
531,400,"2024-09-11 07:06:00"
531,402,"2024-09-11 07:38:00"
531,401,"2024-09-12 07:06:00"
531,401,"2024-09-12 07:38:00"
531,401,"2024-09-13 07:06:00"
531,402,"2024-09-13 07:38:00"
531,400,"2024-09-14 07:06:00"
531,401,"2024-09-14 07:38:00"
531,400,"2024-09-15 07:06:00"
531,402,"2024-09-15 07:38:00"
531,401,"2024-09-16 07:06:00"
531,400,"2024-09-16 07:38:00"
531,400,"2024-09-17 07:06:00"
531,402,"2024-09-17 07:38:00"
531,402,"2024-09-18 07:06:00"
531,402,"2024-09-18 07:38:00"
531,402,"2024-09-19 07:06:00"
531,401,"2024-09-19 07:38:00"
531,400,"2024-09-20 07:06:00"
531,401,"2024-09-20 07:38:00"
531,401,"2024-09-21 07:06:00"
531,401,"2024-09-21 07:38:00"
531,402,"2024-09-22 07:06:00"
531,402,"2024-09-22 07:38:00"
531,401,"2024-09-23 07:06:00"
531,401,"2024-09-23 07:38:00"
531,401,"2024-09-24 07:06:00"
531,402,"2024-09-24 07:38:00"
531,401,"2024-09-25 07:06:00"
531,402,"2024-09-25 07:38:00"
531,401,"2024-09-26 07:06:00"
531,401,"2024-09-26 07:38:00"
531,401,"2024-09-27 07:06:00"
531,401,"2024-09-27 07:38:00"
531,401,"2024-09-28 07:06:00"
531,401,"2024-09-28 07:38:00"
531,401,"2024-09-29 07:06:00"
531,401,"2024-09-29 07:38:00"
531,402,"2024-09-30 07:06:00"
531,403,"2024-09-30 07:38:00"
531,401,"2024-10-01 07:06:00"
531,403,"2024-10-01 07:38:00"
531,403,"2024-10-02 07:06:00"
531,401,"2024-10-02 07:38:00"
531,402,"2024-10-03 07:06:00"
531,402,"2024-10-03 07:38:00"
531,403,"2024-10-04 07:06:00"
531,402,"2024-10-04 07:38:00"
531,403,"2024-10-05 07:06:00"
531,404,"2024-10-05 07:38:00"
531,403,"2024-10-06 07:06:00"
531,404,"2024-10-06 07:38:00"
531,404,"2024-10-07 07:06:00"
531,404,"2024-10-07 07:38:00"
531,403,"2024-10-08 07:06:00"
531,404,"2024-10-08 07:38:00"
531,405,"2024-10-09 07:06:00"
531,405,"2024-10-09 07:38:00"
531,405,"2024-10-10 07:06:00"
531,406,"2024-10-10 07:38:00"
531,404,"2024-10-11 07:06:00"
531,408,"2024-10-11 07:38:00"
531,404,"2024-10-12 07:06:00"
531,406,"2024-10-12 07:38:00"
531,405,"2024-10-13 07:06:00"
531,405,"2024-10-13 07:38:00"
531,405,"2024-10-14 07:06:00"
531,408,"2024-10-14 07:38:00"
531,405,"2024-10-15 07:06:00"
531,408,"2024-10-15 07:38:00"
531,405,"2024-10-16 07:06:00"
531,408,"2024-10-16 07:38:00"
531,402,"2024-10-17 07:06:00"
531,408,"2024-10-17 07:38:00"
531,405,"2024-10-18 07:06:00"
531,408,"2024-10-18 07:38:00"
531,408,"2024-10-19 07:06:00"
531,409,"2024-10-19 07:38:00"
531,406,"2024-10-20 07:06:00"
531,408,"2024-10-20 07:38:00"
531,404,"2024-10-21 07:06:00"
531,409,"2024-10-21 07:38:00"
531,408,"2024-10-22 07:06:00"
531,412,"2024-10-22 07:38:00"
531,409,"2024-10-23 07:06:00"
531,410,"2024-10-23 07:38:00"
531,408,"2024-10-24 07:06:00"
531,411,"2024-10-24 07:38:00"
531,408,"2024-10-25 07:06:00"
531,410,"2024-10-25 07:38:00"
531,408,"2024-10-26 07:06:00"
531,410,"2024-10-26 07:38:00"
531,405,"2024-10-27 07:06:00"
531,410,"2024-10-27 07:38:00"
531,409,"2024-10-28 07:06:00"
531,408,"2024-10-28 07:38:00"
531,405,"2024-10-29 07:06:00"
531,409,"2024-10-29 07:38:00"
531,408,"2024-10-30 07:06:00"
531,410,"2024-10-30 07:38:00"
531,408,"2024-10-31 07:06:00"
531,408,"2024-10-31 07:38:00"
531,408,"2024-11-01 07:06:00"
531,403,"2024-11-01 07:38:00"
531,408,"2024-11-02 07:06:00"
531,409,"2024-11-02 07:38:00"
531,403,"2024-11-03 07:06:00"
531,410,"2024-11-03 07:38:00"
531,405,"2024-11-04 07:06:00"
531,409,"2024-11-04 07:38:00"
531,405,"2024-11-05 07:06:00"
531,409,"2024-11-05 07:38:00"
531,405,"2024-11-06 07:06:00"
531,409,"2024-11-06 07:38:00"
531,405,"2024-11-07 07:06:00"
531,408,"2024-11-07 07:38:00"
531,406,"2024-11-08 07:06:00"
531,408,"2024-11-08 07:38:00"
531,408,"2024-11-09 07:06:00"
531,403,"2024-11-09 07:38:00"
531,408,"2024-11-10 07:06:00"
531,409,"2024-11-10 07:38:00"
531,408,"2024-11-11 07:06:00"
531,409,"2024-11-11 07:38:00"
531,405,"2024-11-12 07:06:00"
531,409,"2024-11-12 07:38:00"
531,406,"2024-11-13 07:06:00"
531,402,"2024-11-13 07:38:00"
531,406,"2024-11-14 07:06:00"
531,406,"2024-11-14 07:38:00"
531,405,"2024-11-15 07:06:00"
531,408,"2024-11-15 07:38:00"
531,405,"2024-11-16 07:06:00"
531,409,"2024-11-16 07:38:00"
531,405,"2024-11-17 07:06:00"
531,405,"2024-11-17 07:38:00"
531,405,"2024-11-18 07:06:00"
531,406,"2024-11-18 07:38:00"
531,405,"2024-11-19 07:06:00"
531,408,"2024-11-19 07:38:00"
531,403,"2024-11-20 07:06:00"
531,408,"2024-11-20 07:38:00"
531,404,"2024-11-21 07:06:00"
531,408,"2024-11-21 07:38:00"
531,403,"2024-11-22 07:06:00"
531,406,"2024-11-22 07:38:00"
531,405,"2024-11-23 07:06:00"
531,406,"2024-11-23 07:38:00"
531,405,"2024-11-24 07:06:00"
531,405,"2024-11-24 07:38:00"
531,405,"2024-11-25 07:06:00"
531,406,"2024-11-25 07:38:00"
531,405,"2024-11-26 07:06:00"
531,408,"2024-11-26 07:38:00"
531,404,"2024-11-27 07:06:00"
531,404,"2024-11-27 07:38:00"
531,404,"2024-11-28 07:06:00"
531,408,"2024-11-28 07:38:00"
531,404,"2024-11-29 07:06:00"
531,404,"2024-11-29 07:38:00"
531,403,"2024-11-30 07:06:00"
531,405,"2024-11-30 07:38:00"
531,404,"2024-12-01 07:06:00"
531,405,"2024-12-01 07:38:00"
531,404,"2024-12-02 07:06:00"
531,406,"2024-12-02 07:38:00"
531,403,"2024-12-03 07:06:00"
531,401,"2024-12-03 07:38:00"
531,404,"2024-12-04 07:06:00"
531,405,"2024-12-04 07:38:00"
531,403,"2024-12-05 07:06:00"
531,405,"2024-12-05 07:38:00"
531,402,"2024-12-06 07:06:00"
531,404,"2024-12-06 07:38:00"
531,402,"2024-12-07 07:06:00"
531,403,"2024-12-07 07:38:00"
531,402,"2024-12-08 07:06:00"
531,404,"2024-12-08 07:38:00"
531,404,"2024-12-09 07:06:00"
531,404,"2024-12-09 07:38:00"
531,403,"2024-12-10 07:06:00"
531,404,"2024-12-10 07:38:00"
531,403,"2024-12-11 07:06:00"
531,404,"2024-12-11 07:38:00"
531,403,"2024-12-12 07:06:00"
531,403,"2024-12-12 07:38:00"
531,403,"2024-12-13 07:06:00"
531,405,"2024-12-13 07:38:00"
531,402,"2024-12-14 07:06:00"
531,403,"2024-12-14 07:38:00"
531,402,"2024-12-15 07:06:00"
531,404,"2024-12-15 07:38:00"
531,402,"2024-12-16 07:06:00"
531,404,"2024-12-16 07:38:00"
531,402,"2024-12-17 07:06:00"
531,403,"2024-12-17 07:38:00"
531,402,"2024-12-18 07:06:00"
531,404,"2024-12-18 07:38:00"
531,401,"2024-12-19 07:06:00"
531,403,"2024-12-19 07:38:00"
531,402,"2024-12-20 07:06:00"
531,400,"2024-12-20 07:38:00"
531,402,"2024-12-21 07:06:00"
531,403,"2024-12-21 07:38:00"
531,402,"2024-12-22 07:06:00"
531,401,"2024-12-22 07:38:00"
531,402,"2024-12-23 07:06:00"
531,403,"2024-12-23 07:38:00"
531,401,"2024-12-24 07:06:00"
531,403,"2024-12-24 07:38:00"
531,401,"2024-12-25 07:06:00"
531,402,"2024-12-25 07:38:00"
531,400,"2024-12-26 07:06:00"
531,403,"2024-12-26 07:38:00"
531,402,"2024-12-27 07:06:00"
531,402,"2024-12-27 07:38:00"
531,401,"2024-12-28 07:06:00"
531,403,"2024-12-28 07:38:00"
531,401,"2024-12-29 07:06:00"
531,403,"2024-12-29 07:38:00"
531,401,"2024-12-30 07:06:00"
531,403,"2024-12-30 07:38:00"
531,401,"2024-12-31 07:06:00"
531,403,"2024-12-31 07:38:00"
531,401,"2025-01-01 07:06:00"
531,403,"2025-01-01 07:38:00"
531,399,"2025-01-02 07:06:00"
531,403,"2025-01-02 07:38:00"
531,401,"2025-01-03 07:06:00"
531,398,"2025-01-03 07:38:00"
531,401,"2025-01-04 07:06:00"
531,402,"2025-01-04 07:38:00"
531,397,"2025-01-05 07:06:00"
531,401,"2025-01-05 07:38:00"
531,399,"2025-01-06 07:06:00"
531,398,"2025-01-06 07:38:00"
531,398,"2025-01-07 07:06:00"
531,401,"2025-01-07 07:38:00"
531,397,"2025-01-08 07:06:00"
531,401,"2025-01-08 07:38:00"
531,399,"2025-01-09 07:06:00"
531,398,"2025-01-09 07:38:00"
531,398,"2025-01-10 07:06:00"
531,398,"2025-01-10 07:38:00"
531,398,"2025-01-11 07:06:00"
531,397,"2025-01-11 07:38:00"
531,398,"2025-01-12 07:06:00"
531,398,"2025-01-12 07:38:00"
531,394,"2025-01-13 07:06:00"
531,399,"2025-01-13 07:38:00"
531,398,"2025-01-14 07:06:00"
531,399,"2025-01-14 07:38:00"
531,399,"2025-01-15 07:06:00"
531,399,"2025-01-15 07:38:00"
531,397,"2025-01-16 07:06:00"
531,397,"2025-01-16 07:38:00"
531,398,"2025-01-17 07:06:00"
531,396,"2025-01-17 07:38:00"
531,394,"2025-01-18 07:06:00"
531,398,"2025-01-18 07:38:00"
531,396,"2025-01-19 07:06:00"
531,398,"2025-01-19 07:38:00"
531,397,"2025-01-20 07:06:00"
531,399,"2025-01-20 07:38:00"
531,398,"2025-01-21 07:06:00"
531,398,"2025-01-21 07:38:00"
531,398,"2025-01-22 07:06:00"
531,394,"2025-01-22 07:38:00"
531,396,"2025-01-23 07:06:00"
531,399,"2025-01-23 07:38:00"
531,396,"2025-01-24 07:06:00"
531,394,"2025-01-24 07:38:00"
531,394,"2025-01-25 07:06:00"
531,394,"2025-01-25 07:38:00"
531,396,"2025-01-26 07:06:00"
531,397,"2025-01-26 07:38:00"
531,396,"2025-01-27 07:06:00"
531,397,"2025-01-27 07:38:00"
531,394,"2025-01-28 07:06:00"
531,397,"2025-01-28 07:38:00"
531,394,"2025-01-29 07:06:00"
531,396,"2025-01-29 07:38:00"
531,394,"2025-01-30 07:06:00"
531,397,"2025-01-30 07:38:00"
610,524,"2024-11-23 11:33:00"
610,525,"2024-11-23 11:37:00"
610,523,"2024-11-24 11:33:00"
610,525,"2024-11-24 11:37:00"
610,524,"2024-11-25 11:33:00"
610,526,"2024-11-25 11:37:00"
610,524,"2024-11-26 11:33:00"
610,525,"2024-11-26 11:37:00"
610,523,"2024-11-27 11:33:00"
610,525,"2024-11-27 11:37:00"
610,524,"2024-11-28 11:33:00"
610,525,"2024-11-28 11:37:00"
610,524,"2024-11-29 11:33:00"
610,526,"2024-11-29 11:37:00"
610,524,"2024-11-30 11:33:00"
610,524,"2024-11-30 11:37:00"
610,524,"2024-12-01 11:33:00"
610,526,"2024-12-01 11:37:00"
610,523,"2024-12-02 11:33:00"
610,526,"2024-12-02 11:37:00"
610,520,"2024-12-03 11:33:00"
610,526,"2024-12-03 11:37:00"
610,524,"2024-12-04 11:33:00"
610,526,"2024-12-04 11:37:00"
610,524,"2024-12-05 11:33:00"
610,526,"2024-12-05 11:37:00"
610,523,"2024-12-06 11:33:00"
610,526,"2024-12-06 11:37:00"
610,524,"2024-12-07 11:33:00"
610,526,"2024-12-07 11:37:00"
610,524,"2024-12-08 11:33:00"
610,525,"2024-12-08 11:37:00"
610,523,"2024-12-09 11:33:00"
610,489,"2024-12-09 11:37:00"
610,523,"2024-12-10 11:33:00"
610,525,"2024-12-10 11:37:00"
610,524,"2024-12-11 11:33:00"
610,526,"2024-12-11 11:37:00"
610,524,"2024-12-12 11:33:00"
610,526,"2024-12-12 11:37:00"
610,523,"2024-12-13 11:33:00"
610,526,"2024-12-13 11:37:00"
610,523,"2024-12-14 11:33:00"
610,526,"2024-12-14 11:37:00"
610,523,"2024-12-15 11:33:00"
610,526,"2024-12-15 11:37:00"
610,523,"2024-12-16 11:33:00"
610,526,"2024-12-16 11:37:00"
610,523,"2024-12-17 11:33:00"
610,525,"2024-12-17 11:37:00"
610,523,"2024-12-18 11:33:00"
610,524,"2024-12-18 11:37:00"
610,523,"2024-12-19 11:33:00"
610,524,"2024-12-19 11:37:00"
610,524,"2024-12-20 11:33:00"
610,526,"2024-12-20 11:37:00"
610,523,"2024-12-21 11:33:00"
610,525,"2024-12-21 11:37:00"
610,524,"2024-12-22 11:33:00"
610,526,"2024-12-22 11:37:00"
610,523,"2024-12-23 11:33:00"
610,526,"2024-12-23 11:37:00"
610,524,"2024-12-24 11:33:00"
610,525,"2024-12-24 11:37:00"
610,524,"2024-12-25 11:33:00"
610,526,"2024-12-25 11:37:00"
610,524,"2024-12-26 11:33:00"
610,525,"2024-12-26 11:37:00"
610,524,"2024-12-27 11:33:00"
610,525,"2024-12-27 11:37:00"
610,522,"2024-12-28 11:33:00"
610,524,"2024-12-28 11:37:00"
610,523,"2024-12-29 11:33:00"
610,525,"2024-12-29 11:37:00"
610,524,"2024-12-30 11:33:00"
610,525,"2024-12-30 11:37:00"
610,523,"2024-12-31 11:33:00"
610,524,"2024-12-31 11:37:00"
610,524,"2025-01-01 11:33:00"
610,525,"2025-01-01 11:37:00"
610,523,"2025-01-02 11:33:00"
610,524,"2025-01-02 11:37:00"
610,521,"2025-01-03 11:33:00"
610,524,"2025-01-03 11:37:00"
610,524,"2025-01-04 11:33:00"
610,525,"2025-01-04 11:37:00"
610,522,"2025-01-05 11:33:00"
610,524,"2025-01-05 11:37:00"
610,523,"2025-01-06 11:33:00"
610,525,"2025-01-06 11:37:00"
610,523,"2025-01-07 11:33:00"
610,525,"2025-01-07 11:37:00"
610,523,"2025-01-08 11:33:00"
610,524,"2025-01-08 11:37:00"
610,522,"2025-01-09 11:33:00"
610,525,"2025-01-09 11:37:00"
610,521,"2025-01-10 11:33:00"
610,525,"2025-01-10 11:37:00"
610,523,"2025-01-11 11:33:00"
610,525,"2025-01-11 11:37:00"
610,523,"2025-01-12 11:33:00"
610,524,"2025-01-12 11:37:00"
610,523,"2025-01-13 11:33:00"
610,524,"2025-01-13 11:37:00"
610,521,"2025-01-14 11:33:00"
610,523,"2025-01-14 11:37:00"
610,522,"2025-01-15 11:33:00"
610,523,"2025-01-15 11:37:00"
610,523,"2025-01-16 11:33:00"
610,526,"2025-01-16 11:37:00"
610,523,"2025-01-17 11:33:00"
610,525,"2025-01-17 11:37:00"
610,523,"2025-01-18 11:33:00"
610,525,"2025-01-18 11:37:00"
610,518,"2025-01-19 11:33:00"
610,525,"2025-01-19 11:37:00"
610,524,"2025-01-20 11:33:00"
610,525,"2025-01-20 11:37:00"
610,523,"2025-01-21 11:33:00"
610,525,"2025-01-21 11:37:00"
610,523,"2025-01-22 11:33:00"
610,525,"2025-01-22 11:37:00"
610,523,"2025-01-23 11:33:00"
610,525,"2025-01-23 11:37:00"
610,485,"2025-01-24 11:33:00"
610,525,"2025-01-24 11:37:00"
610,523,"2025-01-25 11:33:00"
610,525,"2025-01-25 11:37:00"
610,523,"2025-01-26 11:33:00"
610,524,"2025-01-26 11:37:00"
610,523,"2025-01-27 11:33:00"
610,524,"2025-01-27 11:37:00"
610,523,"2025-01-28 11:33:00"
610,525,"2025-01-28 11:37:00"
610,522,"2025-01-29 11:33:00"
610,524,"2025-01-29 11:37:00"
610,522,"2025-01-30 11:33:00"
610,524,"2025-01-30 11:37:00"
612,583,"2023-04-06 01:19:03"
612,586,"2023-04-06 01:21:00"
612,585,"2023-04-06 01:25:00"
612,574,"2023-04-06 10:10:46"
612,580,"2023-04-06 10:11:00"
612,578,"2023-04-06 10:15:00"
612,560,"2023-07-05 01:32:25"
612,553,"2023-10-05 08:14:54"
612,554,"2023-10-05 08:17:00"
612,555,"2023-10-05 08:21:00"
612,556,"2023-10-05 10:37:15"
612,555,"2023-10-05 10:38:00"
612,557,"2023-10-05 10:42:00"
612,550,"2023-10-06 10:38:00"
612,553,"2023-10-06 10:42:00"
612,549,"2023-10-07 10:38:00"
612,552,"2023-10-07 10:42:00"
612,550,"2023-10-08 10:38:00"
612,553,"2023-10-08 10:42:00"
612,550,"2023-10-09 10:38:00"
612,553,"2023-10-09 10:42:00"
612,550,"2023-10-10 10:38:00"
612,553,"2023-10-10 10:42:00"
612,550,"2023-10-11 10:38:00"
612,553,"2023-10-11 10:42:00"
612,549,"2023-10-12 10:38:00"
612,552,"2023-10-12 10:42:00"
612,548,"2023-10-13 10:38:00"
612,553,"2023-10-13 10:42:00"
612,549,"2023-10-14 10:38:00"
612,552,"2023-10-14 10:42:00"
612,550,"2023-10-15 10:38:00"
612,552,"2023-10-15 10:42:00"
612,548,"2023-10-16 10:38:00"
612,550,"2023-10-16 10:42:00"
612,549,"2023-10-17 10:38:00"
612,552,"2023-10-17 10:42:00"
612,548,"2023-10-18 10:38:00"
612,552,"2023-10-18 10:42:00"
612,548,"2023-10-19 10:38:00"
612,547,"2023-10-19 10:42:00"
612,547,"2023-10-20 10:38:00"
612,548,"2023-10-20 10:42:00"
612,547,"2023-10-21 10:38:00"
612,549,"2023-10-21 10:42:00"
612,546,"2023-10-22 10:38:00"
612,547,"2023-10-22 10:42:00"
612,548,"2023-10-23 10:38:00"
612,552,"2023-10-23 10:42:00"
612,548,"2023-10-24 10:38:00"
612,550,"2023-10-24 10:42:00"
612,549,"2023-10-25 10:38:00"
612,553,"2023-10-25 10:42:00"
612,549,"2023-10-26 10:38:00"
612,552,"2023-10-26 10:42:00"
612,549,"2023-10-27 10:38:00"
612,553,"2023-10-27 10:42:00"
612,549,"2023-10-28 10:38:00"
612,552,"2023-10-28 10:42:00"
612,549,"2023-10-29 10:38:00"
612,544,"2023-10-29 10:42:00"
612,548,"2023-10-30 10:38:00"
612,550,"2023-10-30 10:42:00"
612,547,"2023-10-31 10:38:00"
612,550,"2023-10-31 10:42:00"
612,547,"2023-11-01 10:38:00"
612,550,"2023-11-01 10:42:00"
612,545,"2023-11-02 10:38:00"
612,552,"2023-11-02 10:42:00"
612,548,"2023-11-03 10:38:00"
612,550,"2023-11-03 10:42:00"
612,548,"2023-11-04 10:38:00"
612,546,"2023-11-04 10:42:00"
612,547,"2023-11-05 10:38:00"
612,548,"2023-11-05 10:42:00"
612,548,"2023-11-06 10:38:00"
612,552,"2023-11-06 10:42:00"
612,549,"2023-11-07 10:38:00"
612,547,"2023-11-07 10:42:00"
612,548,"2023-11-08 10:38:00"
612,550,"2023-11-08 10:42:00"
612,548,"2023-11-09 10:38:00"
612,550,"2023-11-09 10:42:00"
612,548,"2023-11-10 10:38:00"
612,552,"2023-11-10 10:42:00"
612,549,"2023-11-11 10:38:00"
612,550,"2023-11-11 10:42:00"
612,549,"2023-11-12 10:38:00"
612,552,"2023-11-12 10:42:00"
612,548,"2023-11-13 10:38:00"
612,550,"2023-11-13 10:42:00"
612,548,"2023-11-14 10:38:00"
612,553,"2023-11-14 10:42:00"
612,549,"2023-11-15 10:38:00"
612,550,"2023-11-15 10:42:00"
612,552,"2023-11-16 10:38:00"
612,553,"2023-11-16 10:42:00"
612,547,"2023-11-17 10:38:00"
612,550,"2023-11-17 10:42:00"
612,548,"2023-11-18 10:38:00"
612,550,"2023-11-18 10:42:00"
612,548,"2023-11-19 10:38:00"
612,552,"2023-11-19 10:42:00"
612,547,"2023-11-20 10:38:00"
612,550,"2023-11-20 10:42:00"
612,547,"2023-11-21 10:38:00"
612,550,"2023-11-21 10:42:00"
612,548,"2023-11-22 10:38:00"
612,552,"2023-11-22 10:42:00"
612,548,"2023-11-23 10:38:00"
612,548,"2023-11-23 10:42:00"
612,547,"2023-11-24 10:38:00"
612,550,"2023-11-24 10:42:00"
612,547,"2023-11-25 10:38:00"
612,550,"2023-11-25 10:42:00"
612,548,"2023-11-26 10:38:00"
612,549,"2023-11-26 10:42:00"
612,546,"2023-11-27 10:38:00"
612,547,"2023-11-27 10:42:00"
612,547,"2023-11-28 10:38:00"
612,547,"2023-11-28 10:42:00"
612,547,"2023-11-29 10:38:00"
612,549,"2023-11-29 10:42:00"
612,547,"2023-11-30 10:38:00"
612,550,"2023-11-30 10:42:00"
612,547,"2023-12-01 10:38:00"
612,550,"2023-12-01 10:42:00"
612,547,"2023-12-02 10:38:00"
612,550,"2023-12-02 10:42:00"
612,548,"2023-12-03 10:38:00"
612,549,"2023-12-03 10:42:00"
612,548,"2023-12-04 10:38:00"
612,548,"2023-12-05 08:30:00"
612,550,"2023-12-05 08:34:00"
612,547,"2023-12-06 08:30:00"
612,550,"2023-12-06 08:34:00"
612,547,"2023-12-07 08:30:00"
612,550,"2023-12-07 08:34:00"
612,547,"2023-12-08 08:30:00"
612,547,"2023-12-08 08:34:00"
612,546,"2023-12-09 08:30:00"
612,549,"2023-12-09 08:34:00"
612,547,"2023-12-10 08:30:00"
612,549,"2023-12-10 08:34:00"
612,547,"2023-12-11 08:30:00"
612,549,"2023-12-11 08:34:00"
612,546,"2023-12-12 08:30:00"
612,550,"2023-12-12 08:34:00"
612,547,"2023-12-13 08:30:00"
612,550,"2023-12-13 08:34:00"
612,547,"2023-12-14 08:30:00"
612,549,"2023-12-14 08:34:00"
612,547,"2023-12-15 08:30:00"
612,549,"2023-12-15 08:34:00"
612,547,"2023-12-16 08:30:00"
612,550,"2023-12-16 08:34:00"
612,547,"2023-12-17 08:30:00"
612,550,"2023-12-17 08:34:00"
612,546,"2023-12-18 08:30:00"
612,547,"2023-12-18 08:34:00"
612,547,"2023-12-19 08:30:00"
612,507,"2023-12-19 08:34:00"
612,547,"2023-12-20 08:30:00"
612,550,"2023-12-20 08:34:00"
612,546,"2023-12-21 08:30:00"
612,548,"2023-12-21 08:34:00"
612,547,"2023-12-22 08:30:00"
612,549,"2023-12-22 08:34:00"
612,547,"2023-12-23 08:30:00"
612,549,"2023-12-23 08:34:00"
612,547,"2023-12-24 08:30:00"
612,549,"2023-12-24 08:34:00"
612,547,"2023-12-25 08:30:00"
612,549,"2023-12-25 08:34:00"
612,547,"2023-12-26 08:30:00"
612,549,"2023-12-26 08:34:00"
612,546,"2023-12-27 08:30:00"
612,549,"2023-12-27 08:34:00"
612,546,"2023-12-28 08:30:00"
612,548,"2023-12-28 08:34:00"
612,547,"2023-12-29 08:30:00"
612,548,"2023-12-29 08:34:00"
612,547,"2023-12-30 08:30:00"
612,549,"2023-12-30 08:34:00"
612,546,"2023-12-31 08:30:00"
612,548,"2023-12-31 08:34:00"
612,547,"2024-01-01 08:30:00"
612,548,"2024-01-01 08:34:00"
612,545,"2024-01-03 08:30:00"
612,546,"2024-01-03 08:34:00"
612,546,"2024-01-04 08:30:00"
612,548,"2024-01-04 08:34:00"
612,545,"2024-01-05 08:30:00"
612,547,"2024-01-05 08:34:00"
612,545,"2024-01-06 08:30:00"
612,547,"2024-01-06 08:34:00"
612,545,"2024-01-07 08:30:00"
612,547,"2024-01-07 08:34:00"
612,545,"2024-01-08 08:30:00"
612,548,"2024-01-08 08:34:00"
612,547,"2024-01-09 08:30:00"
612,549,"2024-01-09 08:34:00"
612,545,"2024-01-10 08:30:00"
612,548,"2024-01-10 08:34:00"
612,544,"2024-01-11 08:30:00"
612,548,"2024-01-11 08:34:00"
612,544,"2024-01-12 08:30:00"
612,547,"2024-01-12 08:34:00"
612,547,"2024-01-13 08:30:00"
612,547,"2024-01-13 08:34:00"
612,545,"2024-01-14 08:30:00"
612,549,"2024-01-14 08:34:00"
612,545,"2024-01-15 08:30:00"
612,547,"2024-01-15 08:34:00"
612,545,"2024-01-16 08:30:00"
612,548,"2024-01-16 08:34:00"
612,545,"2024-01-17 08:30:00"
612,546,"2024-01-17 08:34:00"
612,546,"2024-01-18 08:30:00"
612,547,"2024-01-18 08:34:00"
612,546,"2024-01-19 08:30:00"
612,547,"2024-01-19 08:34:00"
612,545,"2024-01-20 08:30:00"
612,546,"2024-01-20 08:34:00"
612,545,"2024-01-21 08:30:00"
612,547,"2024-01-21 08:34:00"
612,545,"2024-01-22 08:30:00"
612,547,"2024-01-22 08:34:00"
612,547,"2024-01-23 08:30:00"
612,547,"2024-01-23 08:34:00"
612,546,"2024-01-24 08:30:00"
612,548,"2024-01-24 08:34:00"
612,545,"2024-01-25 08:30:00"
612,547,"2024-01-25 08:34:00"
612,546,"2024-01-26 08:30:00"
612,548,"2024-01-26 08:34:00"
612,546,"2024-01-27 08:30:00"
612,547,"2024-01-27 08:34:00"
612,544,"2024-01-28 08:30:00"
612,545,"2024-01-28 08:34:00"
612,545,"2024-01-29 08:30:00"
612,547,"2024-01-29 08:34:00"
612,544,"2024-01-30 08:30:00"
612,546,"2024-01-30 08:34:00"
612,544,"2024-01-31 08:30:00"
612,520,"2024-01-31 08:34:00"
612,545,"2024-02-01 08:30:00"
612,546,"2024-02-01 08:34:00"
612,545,"2024-02-02 08:30:00"
612,546,"2024-02-02 08:34:00"
612,546,"2024-02-03 08:30:00"
612,547,"2024-02-03 08:34:00"
612,545,"2024-02-04 08:30:00"
612,546,"2024-02-04 08:34:00"
612,544,"2024-02-05 08:30:00"
612,547,"2024-02-05 08:34:00"
612,545,"2024-02-06 08:30:00"
612,547,"2024-02-06 08:34:00"
612,546,"2024-02-07 08:30:00"
612,547,"2024-02-07 08:34:00"
612,545,"2024-02-08 08:30:00"
612,546,"2024-02-08 08:34:00"
612,544,"2024-02-09 08:30:00"
612,546,"2024-02-09 08:34:00"
612,545,"2024-02-10 08:30:00"
612,547,"2024-02-10 08:34:00"
612,544,"2024-02-11 08:30:00"
612,547,"2024-02-11 08:34:00"
612,544,"2024-02-12 08:30:00"
612,546,"2024-02-12 08:34:00"
612,545,"2024-02-13 08:30:00"
612,546,"2024-02-13 08:34:00"
612,545,"2024-02-14 08:30:00"
612,547,"2024-02-14 08:34:00"
612,544,"2024-02-15 08:30:00"
612,547,"2024-02-15 08:34:00"
612,546,"2024-02-16 08:30:00"
612,547,"2024-02-16 08:34:00"
612,545,"2024-02-17 08:30:00"
612,547,"2024-02-17 08:34:00"
612,544,"2024-02-18 08:30:00"
612,546,"2024-02-18 08:34:00"
612,543,"2024-02-19 08:30:00"
612,546,"2024-02-19 08:34:00"
612,543,"2024-02-20 08:30:00"
612,547,"2024-02-20 08:34:00"
612,545,"2024-02-21 08:30:00"
612,546,"2024-02-21 08:34:00"
612,544,"2024-02-22 08:30:00"
612,541,"2024-02-22 08:34:00"
612,544,"2024-02-23 08:30:00"
612,546,"2024-02-23 08:34:00"
612,544,"2024-02-24 08:30:00"
612,546,"2024-02-24 08:34:00"
612,545,"2024-02-25 08:30:00"
612,546,"2024-02-25 08:34:00"
612,544,"2024-02-26 08:30:00"
612,501,"2024-02-26 08:34:00"
612,544,"2024-02-27 08:30:00"
612,546,"2024-02-27 08:34:00"
612,543,"2024-02-28 08:30:00"
612,546,"2024-02-28 08:34:00"
612,544,"2024-02-29 08:30:00"
612,547,"2024-02-29 08:34:00"
612,544,"2024-03-01 08:30:00"
612,546,"2024-03-01 08:34:00"
612,544,"2024-03-02 08:30:00"
612,545,"2024-03-02 08:34:00"
612,543,"2024-03-03 08:30:00"
612,546,"2024-03-03 08:34:00"
612,543,"2024-03-04 08:30:00"
612,547,"2024-03-04 08:34:00"
612,544,"2024-03-05 08:30:00"
612,546,"2024-03-05 08:34:00"
612,542,"2024-03-06 08:30:00"
612,536,"2024-03-06 08:34:00"
612,544,"2024-03-07 08:30:00"
612,544,"2024-03-07 08:34:00"
612,544,"2024-03-08 08:30:00"
612,546,"2024-03-08 08:34:00"
612,543,"2024-03-09 08:30:00"
612,541,"2024-03-09 08:34:00"
612,544,"2024-03-10 08:30:00"
612,546,"2024-03-10 08:34:00"
612,543,"2024-03-11 08:30:00"
612,546,"2024-03-11 08:34:00"
612,544,"2024-03-12 08:30:00"
612,545,"2024-03-12 08:34:00"
612,544,"2024-03-13 08:30:00"
612,546,"2024-03-13 08:34:00"
612,544,"2024-03-14 08:30:00"
612,545,"2024-03-14 08:34:00"
612,544,"2024-03-15 08:30:00"
612,546,"2024-03-15 08:34:00"
612,544,"2024-03-16 08:30:00"
612,545,"2024-03-16 08:34:00"
612,543,"2024-03-17 08:30:00"
612,546,"2024-03-17 08:34:00"
612,544,"2024-03-18 08:30:00"
612,545,"2024-03-18 08:34:00"
612,543,"2024-03-19 08:30:00"
612,546,"2024-03-19 08:34:00"
612,544,"2024-03-20 08:30:00"
612,544,"2024-03-20 08:34:00"
612,546,"2024-03-21 08:30:00"
612,546,"2024-03-21 08:34:00"
612,545,"2024-03-22 08:30:00"
612,543,"2024-03-22 08:34:00"
612,543,"2024-03-23 11:16:35"
612,543,"2024-03-23 11:28:16"
612,542,"2024-03-23 11:30:00"
612,544,"2024-03-23 11:34:00"
612,542,"2024-03-24 11:30:00"
612,543,"2024-03-24 11:34:00"
612,540,"2024-03-25 11:30:00"
612,538,"2024-03-26 08:40:00"
612,496,"2024-03-26 08:44:00"
612,540,"2024-03-27 08:40:00"
612,543,"2024-03-27 08:44:00"
612,542,"2024-03-28 08:40:00"
612,542,"2024-03-28 08:44:00"
612,541,"2024-03-29 08:40:00"
612,543,"2024-03-29 08:44:00"
612,541,"2024-03-30 08:40:00"
612,542,"2024-03-30 08:44:00"
612,541,"2024-03-31 08:40:00"
612,542,"2024-03-31 08:44:00"
612,541,"2024-04-01 08:40:00"
612,543,"2024-04-01 08:44:00"
612,542,"2024-04-02 08:40:00"
612,542,"2024-04-02 08:44:00"
612,542,"2024-04-03 08:40:00"
612,542,"2024-04-03 08:44:00"
612,540,"2024-04-04 08:40:00"
612,542,"2024-04-04 08:44:00"
612,540,"2024-04-05 08:40:00"
612,543,"2024-04-05 08:44:00"
612,540,"2024-04-06 08:40:00"
612,543,"2024-04-06 08:44:00"
612,540,"2024-04-07 08:40:00"
612,543,"2024-04-07 08:44:00"
612,541,"2024-04-08 08:40:00"
612,543,"2024-04-08 08:44:00"
612,541,"2024-04-09 08:40:00"
612,542,"2024-04-09 08:44:00"
612,540,"2024-04-10 08:40:00"
612,541,"2024-04-10 08:44:00"
612,540,"2024-04-11 08:40:00"
612,542,"2024-04-11 08:44:00"
612,540,"2024-04-12 08:40:00"
612,541,"2024-04-12 08:44:00"
612,542,"2024-04-13 08:40:00"
612,543,"2024-04-13 08:44:00"
612,540,"2024-04-14 08:40:00"
612,543,"2024-04-14 08:44:00"
612,540,"2024-04-15 08:40:00"
612,543,"2024-04-15 08:44:00"
612,541,"2024-04-16 08:40:00"
612,543,"2024-04-16 08:44:00"
612,540,"2024-04-17 08:40:00"
612,543,"2024-04-17 08:44:00"
612,538,"2024-04-18 08:40:00"
612,542,"2024-04-18 08:44:00"
612,541,"2024-04-19 08:40:00"
612,542,"2024-04-19 08:44:00"
612,540,"2024-04-20 08:40:00"
612,514,"2024-04-20 08:44:00"
612,538,"2024-04-21 08:40:00"
612,542,"2024-04-21 08:44:00"
612,538,"2024-04-22 08:40:00"
612,542,"2024-04-22 08:44:00"
612,540,"2024-04-23 08:40:00"
612,541,"2024-04-23 08:44:00"
612,540,"2024-04-24 08:40:00"
612,542,"2024-04-24 08:44:00"
612,540,"2024-04-25 08:40:00"
612,542,"2024-04-25 08:44:00"
612,540,"2024-04-26 08:40:00"
612,543,"2024-04-26 08:44:00"
612,540,"2024-04-27 08:40:00"
612,542,"2024-04-27 08:44:00"
612,540,"2024-04-28 08:40:00"
612,543,"2024-04-28 08:44:00"
612,538,"2024-04-29 08:40:00"
612,542,"2024-04-29 08:44:00"
612,540,"2024-04-30 08:40:00"
612,542,"2024-04-30 08:44:00"
612,540,"2024-05-01 08:40:00"
612,542,"2024-05-01 08:44:00"
612,541,"2024-05-02 08:40:00"
612,541,"2024-05-03 08:40:00"
612,543,"2024-05-03 08:44:00"
612,540,"2024-05-04 08:40:00"
612,543,"2024-05-04 08:44:00"
612,538,"2024-05-05 08:40:00"
612,543,"2024-05-05 08:44:00"
612,540,"2024-05-06 08:40:00"
612,542,"2024-05-06 08:44:00"
612,540,"2024-05-07 08:40:00"
612,542,"2024-05-07 08:44:00"
612,538,"2024-05-08 08:40:00"
612,542,"2024-05-08 08:44:00"
612,540,"2024-05-09 08:40:00"
612,542,"2024-05-09 08:44:00"
612,540,"2024-05-10 08:40:00"
612,542,"2024-05-10 08:44:00"
612,540,"2024-05-11 08:40:00"
612,542,"2024-05-11 08:44:00"
612,534,"2024-05-12 08:40:00"
612,537,"2024-05-12 08:44:00"
612,538,"2024-05-13 08:40:00"
612,541,"2024-05-13 08:44:00"
612,537,"2024-05-14 08:40:00"
612,540,"2024-05-14 08:44:00"
612,538,"2024-05-15 08:40:00"
612,530,"2024-05-15 08:44:00"
612,528,"2024-05-16 08:40:00"
612,536,"2024-05-16 08:44:00"
612,537,"2024-05-17 08:40:00"
612,541,"2024-05-17 08:44:00"
612,540,"2024-05-18 08:40:00"
612,541,"2024-05-18 08:44:00"
612,537,"2024-05-19 08:40:00"
612,541,"2024-05-19 08:44:00"
612,537,"2024-05-20 08:40:00"
612,541,"2024-05-20 08:44:00"
612,537,"2024-05-21 08:40:00"
612,496,"2024-05-21 08:44:00"
612,538,"2024-05-22 08:40:00"
612,542,"2024-05-22 08:44:00"
612,538,"2024-05-23 08:40:00"
612,541,"2024-05-23 08:44:00"
612,538,"2024-05-24 08:40:00"
612,540,"2024-05-24 08:44:00"
612,538,"2024-05-25 08:40:00"
612,542,"2024-05-25 08:44:00"
612,540,"2024-05-26 08:40:00"
612,541,"2024-05-26 08:44:00"
612,538,"2024-05-27 08:40:00"
612,542,"2024-05-27 08:44:00"
612,540,"2024-05-28 08:40:00"
612,542,"2024-05-28 08:44:00"
612,538,"2024-05-29 08:40:00"
612,542,"2024-05-29 08:44:00"
612,538,"2024-05-30 08:40:00"
612,542,"2024-05-30 08:44:00"
612,538,"2024-05-31 08:40:00"
612,541,"2024-05-31 08:44:00"
612,538,"2024-06-01 08:40:00"
612,542,"2024-06-01 08:44:00"
612,540,"2024-06-02 08:40:00"
612,542,"2024-06-02 08:44:00"
612,540,"2024-06-03 08:40:00"
612,542,"2024-06-03 08:44:00"
612,529,"2024-06-04 08:40:00"
612,542,"2024-06-04 08:44:00"
612,537,"2024-06-05 08:40:00"
612,541,"2024-06-05 08:44:00"
612,538,"2024-06-06 08:40:00"
612,540,"2024-06-06 08:44:00"
612,538,"2024-06-07 08:40:00"
612,541,"2024-06-07 08:44:00"
612,537,"2024-06-08 08:40:00"
612,541,"2024-06-08 08:44:00"
612,538,"2024-06-09 08:40:00"
612,541,"2024-06-09 08:44:00"
612,538,"2024-06-10 08:40:00"
612,542,"2024-06-10 08:44:00"
612,540,"2024-06-11 08:40:00"
612,541,"2024-06-11 08:44:00"
612,540,"2024-06-12 08:40:00"
612,542,"2024-06-12 08:44:00"
612,533,"2024-06-13 08:40:00"
612,541,"2024-06-13 08:44:00"
612,537,"2024-06-14 08:40:00"
612,542,"2024-06-14 08:44:00"
612,538,"2024-06-15 08:40:00"
612,542,"2024-06-15 08:44:00"
612,538,"2024-06-16 08:40:00"
612,542,"2024-06-16 08:44:00"
612,540,"2024-06-17 08:40:00"
612,542,"2024-06-17 08:44:00"
612,538,"2024-06-18 08:40:00"
612,541,"2024-06-18 08:44:00"
612,537,"2024-06-19 08:40:00"
612,542,"2024-06-19 08:44:00"
612,538,"2024-06-20 08:40:00"
612,541,"2024-06-20 08:44:00"
612,537,"2024-06-21 08:40:00"
612,542,"2024-06-21 08:44:00"
612,540,"2024-06-22 08:40:00"
612,542,"2024-06-22 08:44:00"
612,540,"2024-06-23 08:40:00"
612,542,"2024-06-23 08:44:00"
612,540,"2024-06-24 08:40:00"
612,541,"2024-06-24 08:44:00"
612,540,"2024-06-25 08:40:00"
612,542,"2024-06-25 08:44:00"
612,538,"2024-06-26 08:40:00"
612,542,"2024-06-26 08:44:00"
612,540,"2024-06-27 08:40:00"
612,541,"2024-06-27 08:44:00"
612,538,"2024-06-28 08:40:00"
612,542,"2024-06-28 08:44:00"
612,537,"2024-06-29 08:40:00"
612,541,"2024-06-29 08:44:00"
612,538,"2024-06-30 08:40:00"
612,541,"2024-06-30 08:44:00"
612,538,"2024-07-01 08:40:00"
612,541,"2024-07-01 08:44:00"
612,540,"2024-07-02 08:40:00"
612,541,"2024-07-02 08:44:00"
612,537,"2024-07-03 08:40:00"
612,542,"2024-07-03 08:44:00"
612,538,"2024-07-04 08:40:00"
612,542,"2024-07-04 08:44:00"
612,538,"2024-07-05 08:40:00"
612,542,"2024-07-05 08:44:00"
612,540,"2024-07-06 08:40:00"
612,541,"2024-07-06 08:44:00"
612,537,"2024-07-07 08:40:00"
612,541,"2024-07-07 08:44:00"
612,538,"2024-07-08 08:40:00"
612,541,"2024-07-08 08:44:00"
612,538,"2024-07-09 08:40:00"
612,541,"2024-07-09 08:44:00"
612,538,"2024-07-10 08:40:00"
612,540,"2024-07-10 08:44:00"
612,538,"2024-07-11 08:40:00"
612,542,"2024-07-11 08:44:00"
612,538,"2024-07-12 08:40:00"
612,541,"2024-07-12 08:44:00"
612,537,"2024-07-13 08:40:00"
612,541,"2024-07-13 08:44:00"
612,540,"2024-07-14 08:40:00"
612,541,"2024-07-14 08:44:00"
612,540,"2024-07-15 08:40:00"
612,540,"2024-07-15 08:44:00"
612,537,"2024-07-16 08:40:00"
612,541,"2024-07-16 08:44:00"
612,537,"2024-07-17 08:40:00"
612,542,"2024-07-17 08:44:00"
612,537,"2024-07-18 08:40:00"
612,540,"2024-07-18 08:44:00"
612,537,"2024-07-19 08:40:00"
612,540,"2024-07-19 08:44:00"
612,538,"2024-07-20 08:40:00"
612,540,"2024-07-20 08:44:00"
612,538,"2024-07-21 08:40:00"
612,541,"2024-07-21 08:44:00"
612,538,"2024-07-22 08:40:00"
612,538,"2024-07-22 08:44:00"
612,537,"2024-07-23 08:40:00"
612,542,"2024-07-23 08:44:00"
612,537,"2024-07-24 08:40:00"
612,541,"2024-07-24 08:44:00"
612,537,"2024-07-25 08:40:00"
612,540,"2024-07-25 08:44:00"
612,537,"2024-07-26 08:40:00"
612,541,"2024-07-26 08:44:00"
612,538,"2024-07-27 08:40:00"
612,540,"2024-07-27 08:44:00"
612,537,"2024-07-28 08:40:00"
612,538,"2024-07-28 08:44:00"
612,537,"2024-07-29 08:40:00"
612,540,"2024-07-29 08:44:00"
612,537,"2024-07-30 08:40:00"
612,540,"2024-07-30 08:44:00"
612,497,"2024-07-31 08:40:00"
612,540,"2024-07-31 08:44:00"
612,536,"2024-08-01 08:40:00"
612,540,"2024-08-01 08:44:00"
612,538,"2024-08-02 08:40:00"
612,538,"2024-08-02 08:44:00"
612,537,"2024-08-03 08:40:00"
612,540,"2024-08-03 08:44:00"
612,537,"2024-08-04 08:40:00"
612,538,"2024-08-04 08:44:00"
612,537,"2024-08-05 08:40:00"
612,538,"2024-08-05 08:44:00"
612,536,"2024-08-06 08:40:00"
612,540,"2024-08-06 08:44:00"
612,536,"2024-08-07 08:40:00"
612,540,"2024-08-07 08:44:00"
612,537,"2024-08-08 08:40:00"
612,540,"2024-08-08 08:44:00"
612,537,"2024-08-09 08:40:00"
612,540,"2024-08-09 08:44:00"
612,537,"2024-08-10 08:40:00"
612,540,"2024-08-10 08:44:00"
612,537,"2024-08-11 08:40:00"
612,540,"2024-08-11 08:44:00"
612,536,"2024-08-12 08:40:00"
612,540,"2024-08-12 08:44:00"
612,538,"2024-08-13 08:40:00"
612,540,"2024-08-13 08:44:00"
612,538,"2024-08-14 08:40:00"
612,541,"2024-08-14 08:44:00"
612,536,"2024-08-15 08:40:00"
612,540,"2024-08-15 08:44:00"
612,537,"2024-08-16 08:40:00"
612,538,"2024-08-16 08:44:00"
612,537,"2024-08-17 08:40:00"
612,536,"2024-08-17 08:44:00"
612,533,"2024-08-18 08:40:00"
612,538,"2024-08-18 08:44:00"
612,537,"2024-08-19 08:40:00"
612,540,"2024-08-19 08:44:00"
612,537,"2024-08-20 08:40:00"
612,540,"2024-08-20 08:44:00"
612,537,"2024-08-21 08:40:00"
612,538,"2024-08-21 08:44:00"
612,537,"2024-08-22 08:40:00"
612,537,"2024-08-22 08:44:00"
612,536,"2024-08-23 08:40:00"
612,538,"2024-08-23 08:44:00"
612,536,"2024-08-24 08:40:00"
612,538,"2024-08-24 08:44:00"
612,537,"2024-08-25 08:40:00"
612,540,"2024-08-25 08:44:00"
612,536,"2024-08-26 08:40:00"
612,538,"2024-08-26 08:44:00"
612,536,"2024-08-27 08:40:00"
612,538,"2024-08-27 08:44:00"
612,535,"2024-08-28 08:40:00"
612,538,"2024-08-28 08:44:00"
612,536,"2024-08-29 08:40:00"
612,540,"2024-08-29 08:44:00"
612,536,"2024-08-30 08:40:00"
612,538,"2024-08-30 08:44:00"
612,536,"2024-08-31 08:40:00"
612,538,"2024-08-31 08:44:00"
612,537,"2024-09-01 08:40:00"
612,540,"2024-09-01 08:44:00"
612,537,"2024-09-02 08:40:00"
612,540,"2024-09-02 08:44:00"
612,537,"2024-09-03 08:40:00"
612,541,"2024-09-03 08:44:00"
612,536,"2024-09-04 08:40:00"
612,538,"2024-09-04 08:44:00"
612,537,"2024-09-05 08:40:00"
612,540,"2024-09-05 08:44:00"
612,535,"2024-09-06 08:40:00"
612,538,"2024-09-06 08:44:00"
612,536,"2024-09-07 08:40:00"
612,538,"2024-09-07 08:44:00"
612,536,"2024-09-08 08:40:00"
612,537,"2024-09-08 08:44:00"
612,536,"2024-09-09 08:40:00"
612,538,"2024-09-09 08:44:00"
612,535,"2024-09-10 08:40:00"
612,537,"2024-09-10 08:44:00"
612,536,"2024-09-11 08:40:00"
612,537,"2024-09-11 08:44:00"
612,535,"2024-09-12 08:40:00"
612,538,"2024-09-12 08:44:00"
612,536,"2024-09-13 08:40:00"
612,538,"2024-09-13 08:44:00"
612,537,"2024-09-14 08:40:00"
612,538,"2024-09-14 08:44:00"
612,536,"2024-09-15 08:40:00"
612,538,"2024-09-15 08:44:00"
612,538,"2024-09-16 08:40:00"
612,538,"2024-09-16 08:44:00"
612,537,"2024-09-17 08:40:00"
612,541,"2024-09-17 08:44:00"
612,536,"2024-09-19 08:40:00"
612,540,"2024-09-19 08:44:00"
612,537,"2024-09-20 08:40:00"
612,540,"2024-09-20 08:44:00"
612,537,"2024-09-21 08:40:00"
612,540,"2024-09-21 08:44:00"
612,536,"2024-09-22 08:40:00"
612,537,"2024-09-22 08:44:00"
612,535,"2024-09-23 08:40:00"
612,538,"2024-09-23 08:44:00"
612,535,"2024-09-24 08:40:00"
612,540,"2024-09-24 08:44:00"
612,536,"2024-09-25 08:40:00"
612,540,"2024-09-25 08:44:00"
612,536,"2024-09-26 08:40:00"
612,538,"2024-09-26 08:44:00"
612,537,"2024-09-27 08:40:00"
612,540,"2024-09-27 08:44:00"
612,537,"2024-09-28 08:40:00"
612,538,"2024-09-28 08:44:00"
612,536,"2024-09-29 08:40:00"
612,538,"2024-09-29 08:44:00"
612,537,"2024-09-30 08:40:00"
612,538,"2024-09-30 08:44:00"
612,536,"2024-10-01 08:40:00"
612,538,"2024-10-01 08:44:00"
612,536,"2024-10-02 08:40:00"
612,538,"2024-10-02 08:44:00"
612,536,"2024-10-03 08:40:00"
612,538,"2024-10-03 08:44:00"
612,536,"2024-10-04 08:40:00"
612,536,"2024-10-04 08:44:00"
612,536,"2024-10-05 08:40:00"
612,540,"2024-10-05 08:44:00"
612,536,"2024-10-06 08:40:00"
612,537,"2024-10-06 08:44:00"
612,536,"2024-10-07 08:40:00"
612,540,"2024-10-07 08:44:00"
612,536,"2024-10-08 08:40:00"
612,538,"2024-10-08 08:44:00"
612,536,"2024-10-09 08:40:00"
612,538,"2024-10-09 08:44:00"
612,537,"2024-10-10 08:40:00"
612,540,"2024-10-10 08:44:00"
612,535,"2024-10-11 08:40:00"
612,538,"2024-10-11 08:44:00"
612,535,"2024-10-12 08:19:47"
612,536,"2024-10-12 08:21:00"
612,537,"2024-10-12 08:25:00"
612,536,"2024-10-13 08:21:00"
612,535,"2024-10-13 08:25:00"
612,535,"2024-10-14 08:21:00"
612,538,"2024-10-14 08:25:00"
612,536,"2024-10-15 08:21:00"
612,537,"2024-10-15 08:25:00"
612,536,"2024-10-16 08:21:00"
612,537,"2024-10-16 08:25:00"
612,536,"2024-10-17 08:21:00"
612,538,"2024-10-17 08:25:00"
612,538,"2024-10-18 08:21:00"
612,537,"2024-10-18 08:25:00"
612,536,"2024-10-19 08:21:00"
612,538,"2024-10-19 08:25:00"
612,535,"2024-10-20 08:21:00"
612,538,"2024-10-20 08:25:00"
612,535,"2024-10-21 08:21:00"
612,531,"2024-10-21 08:25:00"
612,535,"2024-10-22 08:21:00"
612,532,"2024-10-22 08:25:00"
612,534,"2024-10-23 08:21:00"
612,532,"2024-10-23 08:25:00"
612,534,"2024-10-24 08:21:00"
612,529,"2024-10-24 08:25:00"
612,533,"2024-10-25 08:21:00"
612,532,"2024-10-25 08:25:00"
612,523,"2024-10-26 08:21:00"
612,537,"2024-10-26 08:25:00"
612,523,"2024-10-27 08:21:00"
612,534,"2024-10-27 08:25:00"
612,534,"2024-10-28 08:21:00"
612,533,"2024-10-28 08:25:00"
612,534,"2024-10-29 08:21:00"
612,528,"2024-10-29 08:25:00"
612,533,"2024-10-30 08:21:00"
612,526,"2024-10-30 08:25:00"
612,533,"2024-10-31 08:21:00"
612,535,"2024-10-31 08:25:00"
612,534,"2024-11-01 08:21:00"
612,535,"2024-11-01 08:25:00"
612,534,"2024-11-02 08:21:00"
612,534,"2024-11-02 08:25:00"
612,520,"2024-11-03 08:21:00"
612,526,"2024-11-03 08:25:00"
612,536,"2024-11-04 08:21:00"
612,531,"2024-11-04 08:25:00"
612,532,"2024-11-05 08:21:00"
612,530,"2024-11-05 08:25:00"
612,534,"2024-11-06 08:21:00"
612,531,"2024-11-06 08:25:00"
612,534,"2024-11-07 08:21:00"
612,536,"2024-11-07 08:25:00"
612,535,"2024-11-08 08:21:00"
612,533,"2024-11-08 08:25:00"
612,529,"2024-11-09 08:21:00"
612,534,"2024-11-09 08:25:00"
612,517,"2024-11-10 08:21:00"
612,521,"2024-11-10 08:25:00"
612,534,"2024-11-11 08:21:00"
612,536,"2024-11-11 08:25:00"
612,536,"2024-11-12 08:21:00"
612,537,"2024-11-12 08:25:00"
612,535,"2024-11-13 08:21:00"
612,494,"2024-11-13 08:25:00"
612,536,"2024-11-14 08:21:00"
612,538,"2024-11-14 08:25:00"
612,536,"2024-11-15 08:21:00"
612,537,"2024-11-15 08:25:00"
612,536,"2024-11-16 08:21:00"
612,538,"2024-11-16 08:25:00"
612,535,"2024-11-17 08:21:00"
612,537,"2024-11-17 08:25:00"
612,535,"2024-11-18 08:21:00"
612,536,"2024-11-18 08:25:00"
612,536,"2024-11-19 08:21:00"
612,537,"2024-11-19 08:25:00"
612,536,"2024-11-20 08:21:00"
612,536,"2024-11-20 08:25:00"
612,535,"2024-11-21 08:21:00"
612,538,"2024-11-21 08:25:00"
612,536,"2024-11-22 08:21:00"
612,538,"2024-11-22 08:25:00"
612,535,"2024-11-23 08:21:00"
612,536,"2024-11-23 08:25:00"
612,534,"2024-11-24 08:21:00"
612,536,"2024-11-24 08:25:00"
612,534,"2024-11-25 08:21:00"
612,537,"2024-11-25 08:25:00"
612,535,"2024-11-26 08:21:00"
612,536,"2024-11-26 08:25:00"
612,534,"2024-11-27 08:21:00"
612,536,"2024-11-27 08:25:00"
612,535,"2024-11-28 08:21:00"
612,537,"2024-11-28 08:25:00"
612,536,"2024-11-29 08:21:00"
612,536,"2024-11-29 08:25:00"
612,535,"2024-11-30 08:21:00"
612,535,"2024-11-30 08:25:00"
612,535,"2024-12-01 08:21:00"
612,536,"2024-12-01 08:25:00"
612,535,"2024-12-02 08:21:00"
612,537,"2024-12-02 08:25:00"
612,536,"2024-12-03 08:21:00"
612,538,"2024-12-03 08:25:00"
612,535,"2024-12-04 08:21:00"
612,538,"2024-12-04 08:25:00"
612,536,"2024-12-05 08:21:00"
612,532,"2024-12-05 08:25:00"
612,521,"2024-12-06 08:21:00"
612,533,"2024-12-06 08:25:00"
612,531,"2024-12-07 08:21:00"
612,537,"2024-12-07 08:25:00"
612,535,"2024-12-08 08:21:00"
612,537,"2024-12-08 08:25:00"
612,535,"2024-12-09 08:21:00"
612,537,"2024-12-09 08:25:00"
612,535,"2024-12-10 08:21:00"
612,537,"2024-12-10 08:25:00"
612,535,"2024-12-11 08:21:00"
612,523,"2024-12-11 08:25:00"
612,535,"2024-12-12 08:21:00"
612,537,"2024-12-12 08:25:00"
612,535,"2024-12-13 08:21:00"
612,531,"2024-12-13 08:25:00"
612,535,"2024-12-14 08:21:00"
612,533,"2024-12-14 08:25:00"
612,534,"2024-12-15 08:21:00"
612,537,"2024-12-15 08:25:00"
612,534,"2024-12-16 08:21:00"
612,536,"2024-12-16 08:25:00"
612,535,"2024-12-17 08:21:00"
612,536,"2024-12-17 08:25:00"
612,535,"2024-12-18 08:21:00"
612,537,"2024-12-18 08:25:00"
612,535,"2024-12-19 08:21:00"
612,536,"2024-12-19 08:25:00"
612,534,"2024-12-20 08:21:00"
612,537,"2024-12-20 08:25:00"
612,534,"2024-12-21 08:21:00"
612,536,"2024-12-21 08:25:00"
612,534,"2024-12-22 08:21:00"
612,535,"2024-12-22 08:25:00"
612,534,"2024-12-23 08:21:00"
612,536,"2024-12-23 08:25:00"
612,534,"2024-12-24 08:21:00"
612,537,"2024-12-24 08:25:00"
612,535,"2024-12-25 08:21:00"
612,535,"2024-12-25 08:25:00"
612,533,"2024-12-26 08:21:00"
612,492,"2024-12-26 08:25:00"
612,493,"2024-12-27 08:21:00"
612,537,"2024-12-27 08:25:00"
612,534,"2024-12-28 08:21:00"
612,536,"2024-12-28 08:25:00"
612,535,"2024-12-29 08:21:00"
612,529,"2024-12-29 08:25:00"
612,534,"2024-12-30 08:21:00"
612,531,"2024-12-30 08:25:00"
612,533,"2024-12-31 08:21:00"
612,534,"2024-12-31 08:25:00"
612,498,"2025-01-01 08:21:00"
612,530,"2025-01-01 08:25:00"
612,492,"2025-01-02 08:21:00"
612,528,"2025-01-02 08:25:00"
612,530,"2025-01-03 08:21:00"
612,523,"2025-01-03 08:25:00"
612,530,"2025-01-04 08:21:00"
612,525,"2025-01-04 08:25:00"
612,534,"2025-01-05 08:21:00"
612,525,"2025-01-05 08:25:00"
612,533,"2025-01-06 08:21:00"
612,535,"2025-01-06 08:25:00"
612,534,"2025-01-07 08:21:00"
612,535,"2025-01-07 08:25:00"
612,534,"2025-01-08 08:21:00"
612,536,"2025-01-08 08:25:00"
612,534,"2025-01-09 08:21:00"
612,533,"2025-01-09 08:25:00"
612,534,"2025-01-10 08:21:00"
612,534,"2025-01-10 08:25:00"
612,533,"2025-01-11 08:21:00"
612,535,"2025-01-11 08:25:00"
612,533,"2025-01-12 08:21:00"
612,534,"2025-01-12 08:25:00"
612,533,"2025-01-13 08:21:00"
612,535,"2025-01-13 08:25:00"
612,533,"2025-01-14 08:21:00"
612,536,"2025-01-14 08:25:00"
612,534,"2025-01-15 08:21:00"
612,535,"2025-01-15 08:25:00"
612,534,"2025-01-16 08:21:00"
612,535,"2025-01-16 08:25:00"
612,534,"2025-01-17 08:21:00"
612,535,"2025-01-17 08:25:00"
612,534,"2025-01-18 08:21:00"
612,536,"2025-01-18 08:25:00"
612,536,"2025-01-19 08:21:00"
612,525,"2025-01-19 08:25:00"
612,534,"2025-01-20 08:21:00"
612,536,"2025-01-20 08:25:00"
612,533,"2025-01-21 08:21:00"
612,536,"2025-01-21 08:25:00"
612,532,"2025-01-22 08:21:00"
612,524,"2025-01-22 08:25:00"
612,533,"2025-01-23 08:21:00"
612,535,"2025-01-23 08:25:00"
612,533,"2025-01-24 08:21:00"
612,535,"2025-01-24 08:25:00"
612,535,"2025-01-25 08:21:00"
612,535,"2025-01-25 08:25:00"
612,528,"2025-01-26 08:21:00"
612,532,"2025-01-26 08:25:00"
612,534,"2025-01-28 08:21:00"
612,536,"2025-01-28 08:25:00"
612,532,"2025-01-29 08:21:00"
612,535,"2025-01-29 08:25:00"
612,528,"2025-01-30 08:21:00"
612,534,"2025-01-30 08:25:00"
653,415,"2024-11-13 01:03:49"
653,418,"2024-11-13 01:05:00"
653,424,"2024-11-13 01:09:00"
653,428,"2024-11-13 02:44:00"
653,429,"2024-11-13 02:48:00"
653,429,"2024-11-16 10:03:13"
653,426,"2024-11-16 10:06:42"
653,429,"2024-11-16 10:08:00"
653,432,"2024-11-16 10:12:00"
653,427,"2024-11-16 10:18:03"
653,427,"2024-11-16 10:18:34"
653,429,"2024-11-16 10:20:00"
653,430,"2024-11-16 10:24:00"
653,426,"2024-11-20 01:54:43"
653,429,"2024-11-20 01:57:18"
653,430,"2024-11-20 02:00:00"
653,429,"2024-11-20 02:23:00"
653,428,"2024-11-20 08:50:47"
653,427,"2024-11-20 10:20:00"
653,426,"2024-11-20 10:24:00"
653,424,"2024-11-20 12:08:47"
653,428,"2024-11-20 12:09:21"
653,429,"2024-11-20 12:11:00"
653,428,"2024-11-20 12:15:00"
653,427,"2024-11-20 12:32:42"
653,428,"2024-11-20 12:33:38"
653,428,"2024-11-20 12:35:00"
653,430,"2024-11-20 12:39:00"
653,429,"2024-11-21 02:00:00"
653,427,"2024-11-21 02:23:00"
653,427,"2024-11-22 02:00:00"
653,428,"2024-11-22 02:23:00"
653,430,"2024-11-23 02:00:00"
653,430,"2024-11-23 02:23:00"
653,435,"2024-11-24 02:00:00"
653,434,"2024-11-24 02:23:00"
653,438,"2024-11-25 02:00:00"
653,438,"2024-11-25 02:23:00"
653,439,"2024-11-26 02:00:00"
653,438,"2024-11-26 02:23:00"
653,434,"2024-11-27 02:00:00"
653,435,"2024-11-27 02:23:00"
653,433,"2024-12-03 02:00:00"
653,432,"2024-12-03 02:23:00"
653,418,"2024-12-04 02:00:00"
653,432,"2024-12-04 02:23:00"
653,432,"2024-12-05 02:00:00"
653,433,"2024-12-05 02:23:00"
653,430,"2024-12-06 02:00:00"
653,430,"2024-12-06 02:23:00"
653,432,"2024-12-07 02:00:00"
653,429,"2024-12-07 02:23:00"
653,429,"2024-12-08 02:00:00"
653,434,"2024-12-08 02:23:00"
653,438,"2024-12-09 02:00:00"
653,434,"2024-12-09 02:23:00"
653,438,"2024-12-10 02:00:00"
653,433,"2024-12-10 02:23:00"
653,429,"2024-12-11 02:00:00"
653,432,"2024-12-11 02:23:00"
653,433,"2024-12-12 02:00:00"
653,433,"2024-12-12 02:23:00"
653,435,"2024-12-13 02:00:00"
653,432,"2024-12-13 02:23:00"
653,434,"2024-12-14 02:00:00"
653,432,"2024-12-14 02:23:00"
653,435,"2024-12-15 02:00:00"
653,435,"2024-12-15 02:23:00"
653,437,"2024-12-16 02:00:00"
653,438,"2024-12-16 02:23:00"
653,445,"2024-12-17 02:00:00"
653,445,"2024-12-17 02:23:00"
653,462,"2024-12-18 02:00:00"
653,454,"2024-12-18 02:23:00"
653,470,"2024-12-19 02:00:00"
653,448,"2024-12-19 02:23:00"
653,528,"2024-12-25 02:00:00"
653,514,"2024-12-25 02:23:00"
653,498,"2024-12-26 02:00:00"
653,508,"2024-12-26 02:23:00"
653,442,"2024-12-29 02:00:00"
653,440,"2024-12-29 02:23:00"
653,456,"2024-12-30 02:00:00"
653,459,"2024-12-30 02:23:00"
653,438,"2024-12-31 02:00:00"
653,435,"2024-12-31 02:23:00"
653,437,"2025-01-01 02:00:00"
653,434,"2025-01-01 02:23:00"
653,452,"2025-01-03 02:00:00"
653,453,"2025-01-03 02:23:00"
653,462,"2025-01-04 02:00:00"
653,463,"2025-01-04 02:23:00"
653,458,"2025-01-05 02:00:00"
653,459,"2025-01-05 02:23:00"
653,456,"2025-01-06 02:00:00"
653,457,"2025-01-06 02:23:00"
653,454,"2025-01-07 02:00:00"
653,460,"2025-01-07 02:23:00"
653,462,"2025-01-08 02:00:00"
653,463,"2025-01-08 02:23:00"
653,463,"2025-01-09 02:00:00"
653,460,"2025-01-09 02:23:00"
653,457,"2025-01-10 02:00:00"
653,460,"2025-01-10 02:23:00"
653,456,"2025-01-11 02:00:00"
653,462,"2025-01-11 02:23:00"
653,452,"2025-01-12 02:00:00"
653,456,"2025-01-12 02:23:00"
653,446,"2025-01-13 02:00:00"
653,449,"2025-01-13 02:23:00"
653,446,"2025-01-14 02:00:00"
653,451,"2025-01-14 02:23:00"
653,458,"2025-01-15 02:00:00"
653,457,"2025-01-15 02:23:00"
653,444,"2025-01-16 02:00:00"
653,452,"2025-01-16 02:23:00"
653,456,"2025-01-17 02:00:00"
653,462,"2025-01-17 02:23:00"
653,459,"2025-01-18 02:00:00"
653,461,"2025-01-18 02:23:00"
653,462,"2025-01-19 02:00:00"
653,463,"2025-01-19 02:23:00"
653,441,"2025-01-20 02:00:00"
653,437,"2025-01-20 02:23:00"
653,442,"2025-01-21 02:00:00"
653,442,"2025-01-21 02:23:00"
653,452,"2025-01-22 02:00:00"
653,457,"2025-01-22 02:23:00"
653,428,"2025-01-23 02:00:00"
653,448,"2025-01-23 02:23:00"
653,425,"2025-01-24 02:00:00"
653,420,"2025-01-24 02:23:00"
653,433,"2025-01-25 02:00:00"
653,434,"2025-01-25 02:23:00"
653,416,"2025-01-26 02:00:00"
653,422,"2025-01-26 02:23:00"
653,435,"2025-01-27 02:00:00"
653,440,"2025-01-27 02:23:00"
653,433,"2025-01-28 02:00:00"
653,435,"2025-01-28 02:23:00"
653,439,"2025-01-29 02:00:00"
653,448,"2025-01-29 02:23:00"
656,435,"2024-12-09 04:23:33"
656,434,"2024-12-09 04:25:13"
656,435,"2024-12-09 04:27:00"
656,433,"2024-12-09 04:31:00"
656,427,"2024-12-12 06:52:52"
656,429,"2024-12-12 06:53:13"
656,429,"2024-12-12 06:55:06"
656,432,"2024-12-12 06:56:06"
656,430,"2024-12-12 06:56:16"
656,433,"2024-12-12 06:57:44"
656,434,"2024-12-12 06:58:15"
656,434,"2024-12-12 07:01:00"
656,434,"2024-12-12 07:05:00"
656,430,"2024-12-12 07:12:17"
656,434,"2024-12-12 07:14:00"
656,433,"2024-12-12 07:18:00"
656,434,"2024-12-13 02:21:03"
656,432,"2024-12-13 02:28:53"
656,432,"2024-12-13 02:35:24"
656,430,"2024-12-13 02:37:29"
656,427,"2024-12-13 05:19:05"
656,425,"2024-12-13 05:25:00"
656,422,"2024-12-13 05:30:04"
656,423,"2024-12-13 05:34:31"
656,428,"2024-12-13 05:37:00"
656,428,"2024-12-13 05:41:00"
656,424,"2024-12-13 06:05:49"
656,428,"2024-12-13 06:08:00"
656,428,"2024-12-13 06:12:00"
656,424,"2024-12-13 06:15:09"
656,424,"2024-12-13 06:21:05"
656,428,"2025-01-27 02:36:37"
656,425,"2025-01-27 02:42:03"
656,424,"2025-01-27 02:53:33"
656,420,"2025-01-27 02:57:07"
656,418,"2025-01-27 02:58:31"
656,417,"2025-01-27 03:01:26"
656,404,"2025-01-27 03:49:04"
656,408,"2025-01-27 04:00:00"
656,409,"2025-01-27 04:04:00"
656,408,"2025-01-27 04:58:58"
656,406,"2025-01-27 04:59:58"
656,401,"2025-01-27 05:03:17"
656,403,"2025-01-27 05:08:44"
656,426,"2025-01-27 05:16:23"
656,427,"2025-01-27 05:20:54"
656,427,"2025-01-27 05:29:54"
656,427,"2025-01-27 05:34:23"
656,425,"2025-01-27 05:35:50"
656,425,"2025-01-27 05:38:10"
656,427,"2025-01-27 05:41:43"
656,427,"2025-01-27 05:42:40"
656,422,"2025-01-27 05:43:28"
656,424,"2025-01-27 05:46:15"
656,423,"2025-01-27 05:49:00"
656,425,"2025-01-27 05:53:00"
656,417,"2025-01-27 05:59:03"
656,423,"2025-01-28 07:30:00"
656,421,"2025-01-28 07:42:00"
656,413,"2025-01-29 07:30:00"
656,423,"2025-01-29 07:42:00"
656,420,"2025-01-30 07:30:00"
656,424,"2025-01-30 07:42:00"
